title,performer,genre,sentiment,party,cand_full,cand_f,cand_l,campaign,event_type,url_used,year,cand_year,is_instrumental,n_words,lang_song,bad_scrape,title_key,num_plays,song_ct,id,NRC_anger,NRC_anticipation,NRC_disgust,NRC_fear,NRC_joy,NRC_sadness,NRC_surprise,NRC_trust,NRC_negative,NRC_positive,n_tokens,n_vad,vad_coverage,avg_valence,avg_arousal,avg_dominance,Segment,WC,Analytic,Clout,Authentic,Tone,WPS,BigWords,Dic,Linguistic,function,pronoun,ppron,i,we,you,shehe,they,ipron,det,article,number,prep,auxverb,adverb,conj,negate,verb,adj,quantity,Drives,affiliation,achieve,power,Cognition,allnone,cogproc,insight,cause,discrep,tentat,certitude,differ,memory,Affect,tone_pos,tone_neg,emotion,emo_pos,emo_neg,emo_anx,emo_anger,emo_sad,swear,Social,socbehav,prosocial,polite,conflict,moral,comm,socrefs,family,friend,female,male,Culture,politic,ethnicity,tech,Lifestyle,leisure,home,work,money,relig,Physical,health,illness,wellness,mental,substances,sexual,food,death,need,want,acquire,lack,fulfill,fatigue,reward,risk,curiosity,allure,Perception,attention,motion,space,visual,auditory,feeling,time,focuspast,focuspresent,focusfuture,Conversation,netspeak,assent,nonflu,filler,AllPunc,Period,Comma,QMark,Exclam,Apostro,OtherP,Emoji,woman,lastname_year,front_runner,i_less_we,fem_male
Feelin' Good Again,Robert Earl Keen,pop/rock,question-circle,R,Jeb Bush,Jeb,Bush,2016 Campaign,campaign rally,https://genius.com/robert-earl-keen-feelin-good-again-lyrics,2016,Bush 2016,FALSE,301,en,FALSE,feelin' good again,3,11,1,0.3389830508474576,1.694915254237288,0.3389830508474576,0.6779661016949152,2.0338983050847457,0.3389830508474576,1.694915254237288,2.0338983050847457,0.6779661016949152,3.389830508474576,297,88,0.2962962962962963,0.21601309707241909,0.1369029275808937,0.16101694915254236,1,295,31.14,46.07,98.71,91.11,147.5,9.15,85.76,70.85,54.92,18.98,15.59,9.49,0,3.39,0.34,2.37,3.39,12.2,6.1,1.02,10.51,5.08,7.12,8.47,0,17.97,2.71,2.71,0.68,0.68,0,0,18.64,1.36,8.47,5.08,0.34,2.03,0.68,0,1.36,0,5.08,5.08,0,4.07,4.07,0,0,0,0,0,9.83,1.69,0,0.68,0.34,0,0.68,8.47,0.34,0.34,0,1.36,0,0,0,0,3.73,1.69,0.68,0,1.36,0,1.02,0,0,0,0,0.34,0,0.34,0,0,2.03,1.02,0,0,0,0,0,0.34,6.1,22.71,0.34,3.73,9.49,4.75,2.03,3.39,3.73,13.9,1.69,0,2.37,2.37,0,0,0,8.81,0.34,2.03,0,0,5.08,1.36,0,0,Bush 2016,0,9.49,-1.36
The Workingman's Hymn,Joshua Davis,pop/rock,question-circle,R,Jeb Bush,Jeb,Bush,2016 Campaign,campaign rally,https://genius.com/joshua-davis-the-workingmans-hymn-lyrics,2016,Bush 2016,FALSE,268,en,FALSE,the workingman's hymn,3,11,2,0.746268656716418,1.1194029850746268,0,1.1194029850746268,1.492537313432836,1.492537313432836,0.373134328358209,1.8656716417910448,1.492537313432836,2.611940298507463,268,95,0.35447761194029853,0.2310801256873527,0.14136684996072274,0.18777297721916733,1,268,25.19,62.2,97.65,25.02,268,4.85,88.06,79.1,63.81,24.63,11.57,6.34,4.85,0,0,0.37,13.06,20.52,8.96,2.61,12.69,10.07,9.7,2.61,0,22.76,2.99,4.85,6.34,4.85,0,1.49,18.66,0,15.67,6.34,1.49,5.22,1.87,0,2.61,0,2.61,1.49,1.12,0.37,0,0.37,0,0,0,0,8.21,0.37,0,0,0,0.37,0,7.84,0.75,0,0,0.75,0,0,0,0,2.24,0,0.75,0,0,1.49,1.87,0.37,0.37,0,0,0,0,1.12,0,1.12,0,0.37,0,0,0,0,0.37,0,12.69,18.66,0,5.22,13.06,0.37,0,0.37,0.75,3.36,8.58,0,0,0,0,0,0,11.19,0,0,0,0,11.19,0,0,0,Bush 2016,0,1.4900000000000002,-0.75
Faster Than My Angels Can Fly,Eric Church,pop/rock,question-circle,R,Jeb Bush,Jeb,Bush,2016 Campaign,campaign rally,https://genius.com/eric-church-faster-than-my-angels-can-fly-lyrics,2016,Bush 2016,FALSE,347,en,FALSE,faster than my angels can fly,2,11,3,0.30864197530864196,1.2345679012345678,0.30864197530864196,0.6172839506172839,1.2345679012345678,1.2345679012345678,0.6172839506172839,0.9259259259259259,1.5432098765432098,1.5432098765432098,324,88,0.2716049382716049,0.18567269921436586,0.1583087822671156,0.16026234567901235,1,324,29.23,1,99,24.15,324,1.54,91.36,77.16,50.62,18.21,17.28,13.89,0,1.23,0,2.16,0.93,10.19,3.4,0,15.12,11.42,2.78,8.02,1.85,22.84,8.64,0.93,1.54,0.31,0.62,0.62,26.54,1.85,13.89,0,1.85,5.25,0.31,0.31,6.17,0,1.54,0.93,0.62,0.93,0.62,0.31,0,0,0.31,0,8.95,3.4,0.31,0.31,0,0,2.16,4.63,0.31,0,0.31,0.31,0,0,0,0,6.48,0.31,0,0.31,0,5.86,1.85,0.31,0,0,0,0,0,0,0.93,0,0.31,0.93,0,0,0,0,0.31,0,6.48,20.06,0.31,14.2,5.56,0.31,0.31,0.31,11.42,6.79,8.95,0.62,6.17,0.31,4.63,1.23,0,20.37,0,7.1,0,0,10.19,3.09,0,0,Bush 2016,0,13.89,0
Uptown Funk,"Mark Ronson, Bruno Mars",pop/rock,question-circle,R,Jeb Bush,Jeb,Bush,2016 Campaign,campaign rally,https://genius.com/mark-ronson-uptown-funk-lyrics,2016,Bush 2016,FALSE,1033,en,FALSE,uptown funk,1,11,4,0.9776536312849162,1.1173184357541899,0.41899441340782123,0.6983240223463687,1.2569832402234637,0.5586592178770949,0.8379888268156425,1.3966480446927374,1.5363128491620113,1.3966480446927374,891,220,0.24691358024691357,0.07651218892839004,0.07385601828339258,0.071141442356526155,1,716,43.08,79.42,84.03,45.44,143.2,15.22,71.51,58.52,38.27,17.04,13.13,5.17,0.84,6.56,0,0.28,3.91,4.89,2.23,0.14,9.64,4.33,4.33,2.37,2.65,15.78,3.77,0.56,1.4,0.98,0,0.42,11.87,0,5.17,2.79,1.12,0.28,0.84,0,0.7,0,5.03,2.65,0.98,1.68,1.68,0,0,0,0,1.4,14.53,4.75,0,0,0,0,3.49,9.64,0,0,1.12,0.28,0,0,0,0,1.26,0.28,0,0.28,0.56,0.14,0.42,0,0,0,0,0.14,0.28,0.14,0,0.14,0.28,0.42,0,0.14,0,0,0,0,7.54,17.6,2.51,2.65,10.75,3.07,0,2.79,1.82,0.14,5.17,1.4,8.38,4.47,1.54,2.37,0,75.56,0,22.77,0.56,0,6.84,45.39,0,0,Bush 2016,0,4.33,0.8400000000000001
Mountain Sound,Of Monsters And Men,pop/rock,question-circle,R,Jeb Bush,Jeb,Bush,2016 Campaign,campaign rally,https://genius.com/of-monsters-and-men-mountain-sound-lyrics,2016,Bush 2016,FALSE,304,en,FALSE,mountain sound,1,11,5,0.36900369003690037,0.7380073800738007,0,0.7380073800738007,0.36900369003690037,0,0.36900369003690037,0.36900369003690037,0.36900369003690037,1.1070110701107012,286,82,0.2867132867132867,0.21312663126631268,0.12330123301233012,0.15913059130591306,1,271,88.47,99,98.55,20.23,271,8.49,81.18,72.32,54.61,16.24,15.13,2.95,8.49,2.95,0,0.74,1.11,16.97,11.07,0.37,18.45,1.48,4.43,7.38,0.74,14.76,2.58,1.48,8.49,8.49,0,0,13.65,1.11,2.21,0.74,0.74,0,0.37,0,0.37,0,0.74,0.37,0.37,0,0,0,0,0,0,0,12.55,0,0,0,0,0,0,12.18,0,0,0,0,0,0,0,0,0,0,0,0,0,0,5.54,0,0,0,0,0,0,0,0,0,0,0,0,0,0,0,0.74,0.37,6.27,20.66,0.37,7.75,9.59,0.74,1.85,0.37,8.86,6.27,8.12,0,2.21,0,0,0,2.21,17.71,0,12.18,0,0,0,5.54,0,0,Bush 2016,0,-5.54,0
Get Your Shine On,Florida Georgia Line,country,question-circle,R,Jeb Bush,Jeb,Bush,2016 Campaign,campaign rally,https://genius.com/florida-georgia-line-get-your-shine-on-lyrics,2016,Bush 2016,FALSE,308,en,FALSE,get your shine on,1,11,6,0.352112676056338,0.704225352112676,0.352112676056338,0,1.408450704225352,0.352112676056338,0.704225352112676,0,0.704225352112676,3.1690140845070425,286,145,0.506993006993007,0.24566537153958234,0.1588368139873725,0.18262748907236523,1,284,82.52,99,41.26,79.61,284,9.86,83.8,54.58,38.73,13.38,12.32,2.11,0,8.8,1.41,0,1.06,12.32,3.52,0,14.08,2.11,2.11,3.52,0.7,11.27,5.99,5.63,1.41,1.41,0,0,9.51,1.41,2.46,1.06,1.41,0,0,0,0,0,3.87,3.87,0,1.41,1.41,0,0,0,0,0,17.96,3.52,0,0,0,0,0,14.44,3.52,0,2.11,0,0,0,0,0,2.11,1.41,0.7,0,0,0,3.87,0,0,0,0,0,0,1.76,0,0,0,6.34,0,0,0,0,0.35,0,13.38,22.18,0,3.52,6.69,10.92,0,1.06,4.93,0,0.7,0,0.35,0.35,0,0,0,15.49,0,8.45,0,0,6.34,0.7,0,0,Bush 2016,0,2.11,2.11
It's America,Rodney Atkins,country,question-circle,R,Jeb Bush,Jeb,Bush,2016 Campaign,campaign rally,https://genius.com/rodney-atkins-its-america-lyrics,2016,Bush 2016,FALSE,297,en,FALSE,it's america,1,11,7,0,1.4545454545454546,0,1.0909090909090908,1.8181818181818181,0.36363636363636365,0.7272727272727273,1.4545454545454546,0.7272727272727273,2.5454545454545454,276,89,0.322463768115942,0.24132788559754856,0.15487231869254342,0.1933973442288049,1,275,42.92,35.89,84.17,54.09,91.67,10.91,85.09,61.82,50.55,18.18,6.55,5.09,0.36,0,0,1.09,11.64,15.64,10.91,1.09,10.18,12.36,3.27,5.45,0.73,18.55,3.64,3.64,1.45,1.45,0,0,20.36,1.09,5.45,0.73,0.73,1.09,1.82,0,1.45,0,2.91,2.55,0.36,1.09,1.09,0,0,0,0,0,9.09,1.82,0.36,0.36,0,0.36,0.36,6.18,0,0,0,1.45,1.45,1.09,0,0.36,7.64,2.55,1.09,2.18,0.73,1.09,1.82,0,0,0,0,0,0,0,0.36,0,0,0.73,0,0,0,0,0,0,6.18,16,0,2.55,11.64,1.09,1.09,0,3.27,2.91,10.91,0.36,2.18,0,1.45,0.73,0,21.45,0,6.91,0,1.09,13.09,0.36,0,0,Bush 2016,0,4.7299999999999995,-1.45
Homegrown,Zac Brown Band,country,question-circle,R,Jeb Bush,Jeb,Bush,2016 Campaign,campaign rally,https://genius.com/zac-brown-band-homegrown-lyrics,2016,Bush 2016,FALSE,331,en,FALSE,homegrown,1,11,8,0.32894736842105265,0.9868421052631579,0.6578947368421053,0.9868421052631579,0.9868421052631579,1.3157894736842106,1.3157894736842106,0.9868421052631579,1.9736842105263157,1.3157894736842106,304,96,0.3157894736842105,0.2019942434210526,0.13133908991228072,0.14970531798245612,1,304,12.74,27.49,87.07,76.39,101.33,12.5,91.45,80.59,59.54,28.29,16.78,10.53,0.66,4.61,0.99,0,11.51,15.13,8.22,0,8.55,6.91,3.95,3.29,5.92,23.03,2.63,3.95,1.64,1.64,0,0,22.37,6.25,9.87,3.62,1.32,4.61,0.33,0,0.33,0,3.62,3.62,0,1.32,1.32,0,0,0,0,0,9.21,0,0,0,0,0,0,9.21,0,0.99,1.97,0,0,0,0,0,0.99,0,0.99,0,0,0,2.63,0,0,0,0,0.33,0,0.33,0.33,2.63,1.32,3.95,0,0,0,0,0,0,10.86,17.11,0,2.96,11.18,1.97,0,1.64,1.32,1.32,5.59,0.33,0.33,0,0,0.33,0,18.42,0,2.3,0.66,0,9.54,5.92,0,0,Bush 2016,0,9.87,1.97
A Little More Country Than That,Easton Corbin,country,question-circle,R,Jeb Bush,Jeb,Bush,2016 Campaign,campaign rally,https://genius.com/easton-corbin-a-little-more-country-than-that-lyrics,2016,Bush 2016,FALSE,240,en,FALSE,a little more country than that,1,11,9,0.8438818565400844,0.8438818565400844,0.8438818565400844,0.8438818565400844,0.4219409282700422,0.8438818565400844,0,1.6877637130801688,2.109704641350211,1.2658227848101267,237,83,0.350210970464135,0.24576788165319505,0.1515682985104977,0.20406181688780436,1,237,52.88,28.46,99,45.63,237,7.59,91.56,72.57,56.12,19.83,12.66,6.75,0,4.64,0,0.42,7.17,24.05,9.7,1.27,13.5,7.17,2.11,8.44,1.27,14.77,11.81,10.55,0.84,0.42,0,0.42,22.78,0,11.81,2.11,0.84,1.27,1.69,0,7.17,0,1.69,1.69,0,0,0,0,0,0,0,0,13.08,1.27,0,0,0,0,0.42,8.44,0,0.42,1.27,0.42,0,0,0,0,3.38,2.11,0.42,0.84,0.42,0,1.27,0.84,0.42,0,0,0,0,0.42,0,0,1.27,1.69,0,0.42,0,0,0,0,9.7,16.88,2.11,1.69,12.66,0.42,0.84,0,3.8,1.69,7.59,1.69,0.42,0,0.42,0,0,9.28,0,1.27,0,0,8.02,0,0,0,Bush 2016,0,6.75,0.8500000000000001
Something To Be Proud Of,Montgomery Gentry,country,question-circle,R,Jeb Bush,Jeb,Bush,2016 Campaign,campaign rally,https://genius.com/montgomery-gentry-something-to-be-proud-of-lyrics,2016,Bush 2016,FALSE,470,en,FALSE,something to be proud of,1,11,10,1.0869565217391304,1.3043478260869565,1.0869565217391304,1.7391304347826086,1.9565217391304348,1.5217391304347827,0,1.9565217391304348,3.0434782608695654,3.4782608695652173,464,176,0.3793103448275862,0.13153779644268776,0.09387351778656126,0.11258522727272727,1,460,42.27,88.9,83.46,61.25,230,7.83,93.48,77.61,58.7,19.57,11.3,3.91,0.22,5.22,1.52,0.43,8.26,16.09,7.39,0.87,14.57,10.22,5,5.87,0.43,20.87,7.17,3.7,5.43,0.87,3.26,1.09,21.96,1.74,8.7,1.09,1.3,1.3,4.13,0.43,2.17,0,6.52,4.57,1.96,4.13,3.26,0.87,0,0.22,0.43,0,15.22,3.48,0,0,0.22,0,1.96,10.87,1.96,0,0.65,2.83,0.43,0,0,0.43,2.17,0,0,1.3,0.43,0.43,2.17,0,0,0,0,0,0,0.22,0,0.22,0,0.65,0,0,0,0,0.22,0.22,8.04,13.48,0,3.48,9.78,0.43,0.22,0.22,5.87,6.09,6.09,0,0.22,0.22,0.22,0,0,8.48,0.22,1.96,0,0,5.65,0.65,0,0,Bush 2016,0,3.69,-2.18
United States of America's national anthem,Francis Scott Key,patriotic,question-circle,R,Jeb Bush,Jeb,Bush,2016 Campaign,campaign rally,https://genius.com/francis-scott-key-united-states-of-americas-national-anthem-lyrics,2016,Bush 2016,FALSE,351,en,FALSE,united states of america's national anthem,1,11,11,1.8808777429467085,2.5078369905956115,0.31347962382445144,2.5078369905956115,2.5078369905956115,0.9404388714733543,0.31347962382445144,2.8213166144200628,2.5078369905956115,3.4482758620689653,316,106,0.33544303797468356,0.20138995682261787,0.14193529307387473,0.1777015437392796,1,319,87.22,88.71,28.84,92.67,29,13.79,79.62,62.38,51.72,10.34,5.96,0,3.45,0.31,1.25,0.31,4.39,20.06,14.11,0.63,11.6,5.96,4.39,6.58,0,9.09,6.27,1.88,7.52,3.76,2.51,2.82,12.54,0.63,3.76,0.94,0.63,0.94,1.25,0,0.63,0,7.84,6.58,1.25,0.94,0.94,0,0,0,0,0,11.6,5.33,0.63,0,0.63,1.57,1.57,6.58,0,0,1.25,0.31,0.31,0.31,0,0,1.88,0,1.57,0,0,0.31,0,0,0,0,0,0,0,0,0,0.31,0,0.63,0,0.31,0,0.94,0.31,0,4.39,15.36,0.31,1.57,9.4,4.08,0.31,0,4.7,2.82,3.13,1.88,1.57,0,0,1.57,0,18.5,1.25,7.52,0.94,1.25,5.33,2.19,0,0,Bush 2016,0,-3.45,0.94
Stand by Me,Ben E. King,pop/rock,question-circle,R,Ben Carson,Ben,Carson,2016 Campaign,campaign rally,https://genius.com/ben-e-king-stand-by-me-lyrics,2016,Carson 2016,FALSE,182,en,FALSE,stand by me,2,5,12,0,0.6451612903225806,0,0.6451612903225806,0,1.935483870967742,0,0,3.225806451612903,1.935483870967742,155,49,0.3161290322580645,0.34393680052666226,0.2486635944700461,0.30455562870309416,1,155,21.21,5.37,99,1.4,77.5,2.58,95.48,71.61,58.71,18.71,18.06,14.19,1.29,2.58,0,0,0.65,7.1,5.16,0,15.48,9.68,5.81,8.39,5.16,13.55,2.58,1.29,1.29,1.29,0,0,16.77,2.58,3.23,0,0,1.29,1.29,0,1.29,0,3.23,0,3.23,2.58,0,2.58,1.29,0,1.29,0,9.03,1.29,0,0,0,0,1.29,7.74,0,3.87,0,0,0,0,0,0,0,0,0,0,0,0,0,0,0,0,0,0,0,0,0,0,0,0,0,0,0,0,0.65,0,7.74,23.23,0.65,1.94,20,2.58,0,0,3.87,0,4.52,4.52,6.45,0,0,5.16,1.29,26.45,0,16.77,0.65,0,9.03,0,0,0,Carson 2016,0,12.899999999999999,0
I Got You (I Feel Good),James Brown,r&b,question-circle,R,Ben Carson,Ben,Carson,2016 Campaign,campaign rally,https://genius.com/james-brown-i-got-you-i-feel-good-lyrics,2016,Carson 2016,FALSE,226,en,FALSE,i got you (i feel good),1,5,13,0,0.5050505050505051,0,0.5050505050505051,1.0101010101010102,0,0.5050505050505051,0.5050505050505051,1.0101010101010102,2.0202020202020203,198,80,0.404040404040404,0.3650189393939394,0.22174873737373738,0.2605555555555556,1,198,1,1.64,99,99,198,0,100,82.32,58.59,29.29,26.26,20.2,0,6.06,0,0,3.03,8.08,0,0,5.05,6.06,11.11,14.14,3.54,19.7,7.07,0,0,0,0,0,19.19,2.02,13.13,8.08,1.52,3.54,0,0,1.01,0,17.17,13.64,2.02,8.59,7.07,0,0,0,0,0,8.59,2.53,0,0,0,1.01,0.51,6.06,0,0,0,0,0,0,0,0,0,0,0,0,0,0,8.08,0,0,0,0,0,0,6.06,0,0,0,3.54,0,0,0,0,1.01,0,22.22,7.07,0,0,2.02,0,0,5.05,3.54,2.02,8.08,0.51,3.03,0.51,0.51,0.51,1.52,17.17,0,14.14,0,0,3.03,0,0,0,Carson 2016,0,20.2,0
Rock Around The Clock,Bill Haley and His Comets,pop/rock,question-circle,R,Ben Carson,Ben,Carson,2016 Campaign,campaign rally,https://genius.com/Bill-haley-and-his-comets-rock-around-the-clock-1960-lyrics,2016,Carson 2016,FALSE,261,en,FALSE,rock around the clock,1,5,14,0.44052863436123346,1.7621145374449338,0.44052863436123346,0.44052863436123346,0.8810572687224669,0,0.44052863436123346,0,0.8810572687224669,2.202643171806167,227,108,0.47577092511013214,0.2788179148311307,0.12782264643498126,0.21451705008973732,1,227,35.15,99,99,61.82,227,8.81,80.62,68.28,57.27,11.01,10.57,0.88,8.81,0.88,0,0,0.44,19.82,7.49,11.01,18.94,20.7,8.81,7.49,0,22.91,4.85,16.74,9.69,9.25,0,0.44,40.97,0,0.44,0,0,0,0.44,0,0.44,0,2.64,2.64,0,0.88,0.88,0,0,0,0,0,10.13,0.44,0,0,0,0,0.44,9.69,0,0,0,0,0,0,0,0,0.88,0.44,0,0,0,0.44,0,0,0,0,0,0,0,0,0,0,0,0,0,0,0,0,0,0,4.41,10.13,0,0.88,8.37,0,0.44,0.44,22.47,0,7.93,11.89,9.25,9.25,0,0,0,30.84,0,14.98,0,0,15.86,0,0,0,Carson 2016,0,-7.930000000000001,0
"Holy, Holy, Holy! Lord God Almighty!",Reginald Heber,religious,question-circle,R,Ben Carson,Ben,Carson,2016 Campaign,campaign rally,SCRAPED MANUALLY,2016,Carson 2016,FALSE,169,en,FALSE,"holy, holy, holy! lord god almighty!",1,5,15,2.3622047244094486,3.937007874015748,1.5748031496062993,3.937007874015748,7.086614173228346,3.1496062992125986,1.5748031496062993,5.511811023622047,3.1496062992125986,12.598425196850394,126,71,0.5634920634920635,0.5737163136298105,0.26970167461461686,0.4823444604635688,1,127,50.07,98.68,33.34,99,7.94,14.17,89.76,68.5,44.09,10.24,9.45,0,0.79,7.09,0,0.79,0.79,9.45,3.94,1.57,10.24,6.3,3.94,8.66,1.57,9.45,21.26,3.94,7.09,0.79,2.36,4.72,14.17,2.36,3.94,0,0,0,0.79,0.79,2.36,0,25.2,24.41,0.79,1.57,1.57,0,0,0,0,0,18.11,5.51,2.36,0,0,0.79,0.79,12.6,0,0,0,0.79,0,0,0,0,26.77,1.57,0,0.79,0,24.41,0.79,0,0,0,0,0,0,0,0,0,0,0,0,0,0,0.79,0.79,0,3.15,14.96,0,1.57,9.45,3.94,0.79,0,2.36,0.79,2.36,3.15,0.79,0.79,0,0,0,34.65,3.94,19.69,0,8.66,0.79,1.57,0,0,Carson 2016,0,-0.79,-0.79
I'm on the Battlefield for My Lord,Sylvanna Bell,religious,question-circle,R,Ben Carson,Ben,Carson,2016 Campaign,campaign rally,SCRAPED MANUALLY,2016,Carson 2016,FALSE,180,en,FALSE,i'm on the battlefield for my lord,1,5,16,0.6451612903225806,1.935483870967742,1.2903225806451613,2.5806451612903225,2.5806451612903225,1.935483870967742,0.6451612903225806,3.870967741935484,4.516129032258065,6.451612903225806,155,51,0.32903225806451614,0.3450600885515496,0.3064263124604681,0.3543580012650221,1,155,57.13,1,89.93,8.28,31,9.68,94.19,70.32,61.94,24.52,23.87,20,0,0,3.87,0,0.65,18.71,10.32,0,16.13,7.1,3.87,5.16,0,13.55,2.58,0,11.61,1.94,0.65,9.03,11.61,0,1.94,0,0,0.65,0,1.29,0,0,11.61,5.16,6.45,1.29,0.65,0.65,0,0,0.65,0,17.42,10.97,0,1.29,3.87,1.29,1.29,5.81,0,0.65,0,3.87,0.65,0,0.65,0,5.81,0,0,0.65,0,5.16,3.23,1.29,0.65,0.65,0,0,0,0,0.65,0,0,0.65,0,0,0,0,0,0,3.87,7.74,0,0.65,7.1,0,0.65,0,1.94,5.81,5.16,0,0,0,0,0,0,19.35,3.23,12.26,0,0,3.23,0.65,0,0,Carson 2016,0,20,-3.87
Let's Get Loud,Jennifer Lopez,pop/rock,question-circle,D,Hillary Clinton,Hillary,Clinton,2016 Campaign,campaign rally,https://genius.com/jennifer-lopez-lets-get-loud-lyrics,2016,Clinton 2016,FALSE,736,en,FALSE,let's get loud,48,70,17,0.35842293906810035,0.5376344086021505,0.35842293906810035,0.17921146953405018,1.075268817204301,0.35842293906810035,0.5376344086021505,0.7168458781362007,0.35842293906810035,1.4336917562724014,558,190,0.34050179211469533,0.11504338803999245,0.09283908696472364,0.10601961893982267,1,558,2.67,99,17.19,32.67,79.71,0.9,96.24,89.07,46.06,29.75,18.46,0.9,5.73,11.47,0,0.36,11.29,5.91,1.79,0,3.76,12.9,1.61,0.54,2.87,34.41,5.91,1.61,6.27,6.09,0.18,0,24.73,2.69,7.53,3.58,1.25,1.25,0.36,1.79,1.25,0,1.61,1.25,0.36,0.72,0.54,0.18,0,0,0,0,35.13,16.31,0,0,0,0.18,15.59,18.28,0.36,0,0.18,0,0,0,0,0,1.79,1.79,0,0,0,0,1.25,0,0,0,0,0,0,0.36,0,6.81,0.9,5.38,0,0,0,0,0.18,0,26.88,14.7,0,2.15,5.2,0,7.17,0.72,1.08,0.54,7.71,7.17,23.48,22.22,0.36,0.72,0.18,40.32,0,20.07,0.18,1.25,7.89,10.93,0,1,Clinton 2016,1,-4.83,0.18
Fight Song,Rachel Platten,pop/rock,question-circle,D,Hillary Clinton,Hillary,Clinton,2016 Campaign,campaign rally,https://genius.com/rachel-platten-fight-song-lyrics,2016,Clinton 2016,FALSE,414,en,FALSE,fight song,33,70,18,0.8356545961002786,0.5571030640668524,0.2785515320334262,1.1142061281337048,0,0.5571030640668524,0.5571030640668524,0.2785515320334262,1.6713091922005572,0.5571030640668524,358,149,0.4162011173184358,0.17439382325998765,0.13054906432857866,0.15200501018862986,1,359,11.63,1,99,7.63,119.67,6.69,94.99,72.14,51.25,20.61,16.71,15.6,0,0.56,0,0.56,3.9,14.21,4.46,1.39,8.08,11.42,6.69,3.62,2.51,22.01,7.24,4.74,1.67,0.28,0.28,1.11,23.68,1.95,11.98,2.79,2.51,1.67,3.06,2.51,3.06,0,6.96,2.79,4.18,0.28,0,0.28,0.28,0,0,0,13.09,10.03,0.84,0,3.06,0,6.13,1.67,0,0.28,0,0,0,0,0,0,4.74,4.18,0.56,0,0,0,1.95,0,0,0,0,0,0,0,0,0,0,1.95,0,0,0,0,0.28,0,15.88,15.88,0,1.95,8.36,0,5.57,0,3.06,3.06,6.13,3.06,6.96,5.85,1.11,0,0,23.96,0,2.23,0.56,0,8.36,12.81,0,1,Clinton 2016,1,15.6,0
Ain't No Mountain High Enough,"Tammi Terrell, Marvin Gaye",pop/rock,question-circle,D,Hillary Clinton,Hillary,Clinton,2016 Campaign,campaign rally,https://genius.com/tammi-terrell-aint-no-mountain-high-enough-lyrics,2016,Clinton 2016,FALSE,219,en,FALSE,ain't no mountain high enough,28,70,19,0,2.336448598130841,0,0.4672897196261682,1.8691588785046729,0.4672897196261682,0,1.4018691588785046,0.4672897196261682,2.336448598130841,214,73,0.3411214953271028,0.29266419152477274,0.18244142875432082,0.2293176289847651,1,214,1.66,1,99,56.71,214,5.14,91.12,81.78,63.08,15.89,14.49,7.94,0.47,6.07,0,0,1.4,21.03,2.34,0,8.88,13.55,6.54,2.8,17.29,21.5,15.42,13.55,0.93,0.93,0,0,32.24,9.81,16.36,2.34,2.34,2.34,0.93,0,8.88,0.47,3.27,2.8,0.47,0.93,0.47,0.47,0.47,0,0,0,11.21,2.34,0.47,0,0,0,1.4,8.88,1.87,0,0,0,0,0,0,0,0,0,0,0,0,0,1.4,0.47,0,0,0,0,0,0,0,0.93,0.47,1.4,0.93,6.07,0,0,0,0,20.56,15.42,0.47,0.47,14.49,0,0.47,0,3.27,1.4,11.21,1.4,0,0,0,0,0,13.08,0,2.34,0,0,10.75,0,0,1,Clinton 2016,1,7.470000000000001,0
We Weren't Born To Follow,Bon Jovi,pop/rock,question-circle,D,Hillary Clinton,Hillary,Clinton,2016 Campaign,campaign rally,https://genius.com/bon-jovi-we-werent-born-to-follow-lyrics,2016,Clinton 2016,FALSE,354,en,FALSE,we weren't born to follow,21,70,20,0.5988023952095808,0.8982035928143712,0.2994011976047904,0.8982035928143712,0.2994011976047904,0.8982035928143712,0.5988023952095808,0.8982035928143712,1.1976047904191616,1.4970059880239521,334,101,0.3023952095808383,0.18762969111282388,0.1388391533764155,0.15696922985711745,1,334,46.65,96.55,73.36,4.17,111.33,7.78,94.91,82.04,53.89,19.76,12.57,1.2,2.69,7.49,0,0.3,7.19,13.77,5.09,0.9,15.57,6.29,3.29,5.39,3.59,23.65,1.8,0.9,3.29,2.69,0,0.6,18.26,0.9,7.78,2.99,0.6,0.3,0.6,0,3.89,0,3.89,0.9,2.99,0.6,0,0.6,0,0,0.3,0,16.47,3.29,0.3,0.3,0,1.5,1.5,12.28,0,0,0,0.3,0,0,0,0,2.4,0.3,0,0,0,2.1,4.49,1.8,0.9,0,0,0,0,1.2,0,2.4,0,0.9,0.3,0,0,0,0,0,6.59,10.18,0,2.4,6.59,0.9,1.2,0,4.79,5.39,3.29,3.89,10.78,1.8,7.19,1.8,0,10.78,0,5.39,0.3,0.3,4.79,0,0,1,Clinton 2016,1,-1.49,-0.3
Rise Up,Andra Day,r&b,question-circle,D,Hillary Clinton,Hillary,Clinton,2016 Campaign,campaign rally,https://genius.com/andra-day-rise-up-lyrics,2016,Clinton 2016,FALSE,303,en,FALSE,rise up,19,70,21,1.0676156583629892,0.35587188612099646,0.35587188612099646,0.7117437722419929,1.0676156583629892,1.4234875444839858,0.35587188612099646,0.7117437722419929,1.7793594306049823,1.4234875444839858,286,109,0.3811188811188811,0.21890691828006137,0.17255868621241305,0.20061379738156648,1,281,22.94,97.07,99,2,281,6.41,97.15,89.32,69.75,25.27,20.28,7.83,6.41,6.05,0,0,4.98,11.39,6.05,1.78,19.22,14.95,2.49,8.19,0.71,32.03,2.85,3.56,6.41,6.41,0,0,22.78,0.71,4.98,1.42,0,1.42,0.36,0.36,2.14,0,3.56,0.36,3.2,2.85,0.36,2.49,0,1.07,0,0,13.88,1.07,0,0,0.36,0,0,12.46,0,0,0,0,0,0,0,0,0,0,0,0,0,0,3.2,1.42,1.07,0,0,0,0,0,0.36,0.71,0.36,0.71,0,0,0.36,0,0,0,10.68,25.98,0,13.17,9.25,0.36,0.71,2.14,4.98,0,2.49,12.1,0.71,0.71,0,0,0,20.64,0,4.98,0,0,11.03,4.63,0,1,Clinton 2016,1,1.42,0
Roar,Katy Perry,pop/rock,question-circle,D,Hillary Clinton,Hillary,Clinton,2016 Campaign,campaign rally,https://genius.com/katy-perry-roar-lyrics,2016,Clinton 2016,FALSE,393,en,FALSE,roar,17,70,22,0.2857142857142857,0.8571428571428571,0.2857142857142857,0.8571428571428571,0.5714285714285714,0.2857142857142857,0.5714285714285714,1.1428571428571428,1.4285714285714286,1.7142857142857142,442,118,0.2669683257918552,0.16185714285714287,0.15732687651331717,0.15035835351089588,1,350,36.41,16.27,91.58,32.08,350,13.43,86.57,73.43,55.14,24,21.71,15.43,0,6.29,0,0,2.29,12.86,8.86,0.29,12.29,10.86,2.29,4.86,0.29,24.86,3.43,1.43,3.43,0,2,3.14,20.86,1.14,5.71,0.57,2.86,0,0.29,0,2,0.29,4.29,2.57,1.71,0.29,0,0.29,0.29,0,0,0,9.43,3.14,0.29,0.29,0.86,0.29,0.86,6.57,0,0,0,0,0,0,0,0,1.14,0.86,0,0.29,0,0,1.43,0,0,0,0,0,0,0,0,0,0,3.14,0,0.57,0,0.29,0,0,5.71,18.86,0,2,3.43,2,11.43,0.29,2.29,5.43,6,4.29,5.14,4.57,0.29,0.29,0,45.43,0,8.29,0,0,6.86,30.29,0,1,Clinton 2016,1,15.43,0
Happy,Pharrell Williams,pop/rock,question-circle,D,Hillary Clinton,Hillary,Clinton,2016 Campaign,campaign rally,https://genius.com/pharrell-williams-happy-lyrics,2016,Clinton 2016,FALSE,658,en,FALSE,happy,15,70,23,0.7662835249042146,0.9578544061302682,0.5747126436781609,0.7662835249042146,0.9578544061302682,0.5747126436781609,0.3831417624521073,0.9578544061302682,0.9578544061302682,1.3409961685823755,522,222,0.42528735632183906,0.1463273618446032,0.10519398709053882,0.11201028614821719,1,522,14.27,23.78,96.01,99,47.45,10.15,91,86.02,61.88,22.22,17.62,9.39,0,8.05,0.19,0,4.6,7.09,4.21,0,16.09,12.84,3.45,9.39,3.07,22.99,12.45,0.19,0,0,0,0,30.84,1.53,18.77,4.79,4.79,2.87,5.17,0,7.09,0,14.56,13.98,0.38,13.79,13.41,0.19,0,0,0,0,12.84,4.41,0,0,0,0,1.92,8.43,0.19,0,0.19,0,0,0,0,0,1.15,0,1.15,0,0,0,0,0,0,0,0,0,0,0,0,0,1.15,0.38,0,0,0.38,0,0.19,0,14.18,12.07,0.19,3.26,5.94,0,0,3.64,0.38,0.57,14.37,1.53,2.87,1.92,0.57,0.57,0,35.82,0.57,7.85,0,1.72,9.2,16.48,0,1,Clinton 2016,1,9.39,0.19
City of Blinding Lights,U2,pop/rock,question-circle,D,Hillary Clinton,Hillary,Clinton,2016 Campaign,campaign rally,https://genius.com/u2-city-of-blinding-lights-lyrics,2016,Clinton 2016,FALSE,241,en,FALSE,city of blinding lights,11,70,24,0.45045045045045046,1.8018018018018018,0.9009009009009009,0.9009009009009009,2.2522522522522523,0.9009009009009009,1.8018018018018018,1.3513513513513513,1.8018018018018018,2.2522522522522523,242,74,0.30578512396694213,0.28914049184319457,0.19613464816167522,0.22775748721694666,1,222,45.59,86.55,96.85,69.83,74,13.96,93.69,75.68,54.95,17.57,16.22,5.86,0.45,9.01,0,0.45,1.35,12.61,8.56,0,13.51,7.21,5.41,6.76,3.15,20.72,7.66,4.05,0.45,0.45,0,0,20.27,0,6.31,2.25,0.45,0.9,0,0,3.15,0,4.05,3.6,0.45,0.45,0.45,0,0,0,0,0,15.77,1.35,0,0,0,0,0.9,11.71,0,0,0,0.9,0,0,0,0,0.9,0,0,0,0,0.9,3.15,0,0,0,0,0,0,0,0,0,0,1.8,0,0,0,0,0.45,0,14.86,20.72,3.15,2.7,7.66,9.91,0,0.45,7.66,4.05,5.41,3.15,5.86,0,0,2.25,3.6,22.52,0,7.66,0.9,0,4.95,9.01,0,1,Clinton 2016,1,5.41,-0.9
Land of Hope and Dreams,Bruce Springsteen,pop/rock,question-circle,D,Hillary Clinton,Hillary,Clinton,2016 Campaign,campaign rally,https://genius.com/bruce-springsteen-land-of-hope-and-dreams-lyrics,2016,Clinton 2016,FALSE,441,en,FALSE,land of hope and dreams,11,70,25,0.7957559681697612,1.856763925729443,0.26525198938992045,0.5305039787798409,2.1220159151193636,1.5915119363395225,1.0610079575596818,2.387267904509284,2.1220159151193636,3.183023872679045,380,166,0.4368421052631579,0.17720590585152282,0.1270493113035697,0.14668275222907545,1,377,16.43,91.08,53.25,97.1,377,13.53,84.08,67.37,45.62,18.57,9.02,2.39,0.8,5.84,0,0,9.55,15.65,2.92,0,6.63,7.69,5.04,4.24,3.45,23.87,3.98,1.86,3.71,1.06,1.59,1.59,15.65,2.12,3.98,0.53,0,2.12,0.8,0,1.33,0,12.73,9.28,2.92,1.59,0.8,0.8,0,0,0.53,0.53,15.38,3.98,0.8,0.8,0.53,0.8,1.59,11.67,0,0.53,0.53,0.27,0,0,0,0,3.45,0.53,0,0,0.53,2.39,1.59,0,0,0,0,0,0.53,0.27,0,1.33,0.8,4.51,0,0,0.27,1.06,0.53,0,15.38,13,0,7.43,4.51,0.27,1.33,0.27,4.51,1.59,7.16,4.24,2.12,0.53,0.8,0.53,0.27,22.28,0,9.55,0,0,4.51,8.22,0,1,Clinton 2016,1,1.59,0.26
We Take Care of Our Own,Bruce Springsteen,pop/rock,question-circle,D,Hillary Clinton,Hillary,Clinton,2016 Campaign,campaign rally,https://genius.com/bruce-springsteen-we-take-care-of-our-own-lyrics,2016,Clinton 2016,FALSE,211,en,FALSE,we take care of our own,11,70,26,0.5025125628140703,1.0050251256281406,0.5025125628140703,0.5025125628140703,1.5075376884422111,1.0050251256281406,0,0.5025125628140703,1.5075376884422111,3.0150753768844223,199,63,0.3165829145728643,0.3606444923027838,0.228770838318577,0.2603413894871181,1,199,54.48,99,42.55,99,24.88,10.05,88.44,71.36,53.77,20.1,14.07,2.01,12.06,0,0,0,6.03,21.61,8.54,0,13.57,6.53,4.52,3.52,2.51,23.12,1.01,0,20.1,12.56,0.5,7.04,7.54,1.51,2.51,0,0,0,0,1.01,1.51,0,9.05,8.54,0.5,0.5,0.5,0,0,0,0,0,21.11,8.54,7.04,0,0,0,0,12.56,0,0,0,0,1.01,1.01,0,0,2.01,0,0.5,0.5,0,1.01,3.02,0,0,0,0,0,0,0,0,0,0,6.03,0,0,0,0,0,0,8.54,16.08,0,4.02,9.05,2.51,0.5,0,0.5,4.02,5.53,1.01,0,0,0,0,0,13.57,0,2.51,3.52,0,7.54,0,0,1,Clinton 2016,1,-10.05,0
Shake It Off,Taylor Swift,pop/rock,question-circle,D,Hillary Clinton,Hillary,Clinton,2016 Campaign,campaign rally,https://genius.com/taylor-swift-shake-it-off-lyrics,2016,Clinton 2016,FALSE,718,en,FALSE,shake it off,11,70,27,0.17953321364452424,0.3590664272890485,0.5385996409335727,0.3590664272890485,0.718132854578097,0.718132854578097,0.3590664272890485,0.3590664272890485,0.8976660682226212,0.718132854578097,567,199,0.3509700176366843,0.08289923585612081,0.1011827539853667,0.08268361556435679,1,557,17.11,1.87,77.39,1,278.5,2.69,80.43,66.25,55.48,28.01,17.41,15.08,0.18,0.72,0.36,1.08,10.59,6.82,2.87,0,15.44,10.95,2.69,3.59,2.15,18.13,1.44,0.36,0.72,0.36,0,0.36,14.9,0.36,3.41,0.54,0.9,0.9,0,0,1.26,0,12.75,3.95,8.62,3.95,0.36,3.59,0,2.87,0.54,0.18,11.13,6.28,0,0,0.18,4.85,1.26,5.57,1.26,0.18,0.36,0.36,0,0,0,0,3.59,3.41,0,0,0,0.18,0.72,0.18,0.18,0,0,0,0,0,0,0,0,0.72,0,0,0,0,0,0,5.57,5.03,0,1.62,3.41,0.36,0.36,0,1.62,0.9,5.39,4.49,7,5.75,0.72,0.54,0,40.39,0,24.96,0.18,0,8.8,6.46,0,1,Clinton 2016,1,14.9,0
Stronger (What Doesn't Kill You),Kelly Clarkson,pop/rock,question-circle,D,Hillary Clinton,Hillary,Clinton,2016 Campaign,campaign rally,https://genius.com/kelly-clarkson-stronger-what-doesnt-kill-you-lyrics,2016,Clinton 2016,FALSE,429,en,FALSE,stronger (what doesn't kill you),10,70,28,0.5037783375314862,0.5037783375314862,0.5037783375314862,0.7556675062972292,1.0075566750629723,0.7556675062972292,1.0075566750629723,0.5037783375314862,1.0075566750629723,1.0075566750629723,398,123,0.30904522613065327,0.112246318936741,0.11214597284511886,0.12001392558006185,1,397,1,75.71,98.69,5.61,397,9.32,97.98,83.38,58.94,31.49,24.94,11.84,0,12.85,0,0.25,6.55,6.3,5.04,0,4.03,16.12,7.3,3.78,7.56,28.21,14.61,4.79,8.82,0,0.5,8.31,32.24,0.25,12.09,5.29,4.53,1.01,0.5,0,0.76,0,13.35,5.79,7.56,2.52,0.5,2.02,0,0,2.02,0,22.67,6.55,0.76,0.76,5.04,0.25,1.26,13.6,0.25,0,0,0,0,0,0,0,0.5,0,0.25,0,0.25,0,4.53,0,0,0,0,0,0,0,4.53,0,0.5,0.5,0,0,0,0,0,0,6.8,9.57,0,2.52,6.55,0.5,0.25,0.5,4.53,3.53,17.13,0.25,0,0,0,0,0,24.69,0,4.53,0,0,16.37,3.78,0,1,Clinton 2016,1,11.84,0
The Fighter,"Ryan Tedder, Gym Class Heroes",pop/rock,question-circle,D,Hillary Clinton,Hillary,Clinton,2016 Campaign,campaign rally,https://genius.com/gym-class-heroes-the-fighter-lyrics,2016,Clinton 2016,FALSE,532,en,FALSE,the fighter,9,70,29,0.8179959100204499,0.6134969325153374,0.8179959100204499,0.8179959100204499,0.6134969325153374,1.2269938650306749,0.20449897750511248,0.40899795501022496,1.4314928425357873,1.2269938650306749,489,166,0.3394683026584867,0.11895680883041367,0.09701135831670239,0.10683223692315273,1,489,24.73,86.51,92.8,1.65,44.45,6.75,92.43,78.32,61.76,23.72,16.97,6.75,2.86,4.91,0,2.45,6.75,13.7,6.54,1.23,15.75,11.45,5.11,6.13,1.43,24.34,3.07,3.48,3.68,2.86,0.61,0.41,19.22,1.64,4.5,1.02,0.61,0.82,1.23,0.61,1.64,0.2,6.13,1.02,4.09,0.82,0,0.82,0,0,0,1.64,22.49,9.2,0,0.2,3.07,0.2,3.89,12.68,0.2,0,0.41,0,0,0,0,0,2.04,0.2,0.61,0.41,0.2,0.82,4.09,0.61,0.61,0,0,0,0,0,0.61,0,0,0.82,0,0,0,0,0.61,0,9.61,12.68,0,4.5,6.95,0.82,0.61,0.82,6.13,0.61,8.18,4.5,4.91,4.5,0.41,0,0,16.16,0,6.13,2.25,0,7.36,0.41,0,1,Clinton 2016,1,3.89,0.41
Let's Go Crazy,Prince,pop/rock,question-circle,D,Hillary Clinton,Hillary,Clinton,2016 Campaign,campaign rally,https://genius.com/prince-lets-go-crazy-lyrics,2016,Clinton 2016,FALSE,388,en,FALSE,let's go crazy,9,70,30,1.1594202898550725,2.318840579710145,0.2898550724637681,2.028985507246377,2.028985507246377,2.028985507246377,1.1594202898550725,1.7391304347826086,2.318840579710145,2.318840579710145,351,139,0.396011396011396,0.1657095193410489,0.13424877489312897,0.1431070795537483,1,345,13.66,99,99,36.84,34.5,8.12,94.78,80.87,54.2,22.32,17.1,2.03,8.7,4.35,1.45,0.58,5.22,11.3,4.93,0,11.59,13.33,5.22,4.93,1.74,31.88,7.54,3.19,11.3,9.86,0.58,0.87,28.41,4.64,6.09,1.45,1.74,0.29,1.45,0,2.32,0,5.8,2.32,1.16,3.77,1.16,0.29,0,0,0.29,0,23.48,6.09,0.29,0.87,0.29,0.29,3.19,16.52,0.29,0.29,0.58,1.16,1.16,0,0,1.16,0,0,0,0,0,0,2.32,0.29,0,0,0,0,0,0.58,0.87,0,0,2.32,0,0,0,0,0,1.16,16.52,20.87,1.45,9.28,15.36,2.61,0.29,0,4.93,1.74,12.17,1.74,3.48,1.16,0.87,1.45,0,28.12,1.16,5.51,1.45,0.58,10.43,8.99,0,1,Clinton 2016,1,-6.67,-0.58
Together,"Demi Lovato, Jason Derulo",pop/rock,question-circle,D,Hillary Clinton,Hillary,Clinton,2016 Campaign,campaign rally,https://genius.com/demi-lovato-together-lyrics,2016,Clinton 2016,FALSE,366,en,FALSE,together,9,70,31,0.6134969325153374,0.6134969325153374,0.6134969325153374,1.5337423312883436,2.147239263803681,1.5337423312883436,0,1.5337423312883436,1.2269938650306749,3.067484662576687,421,130,0.3087885985748218,0.21408211420481357,0.13247050495516752,0.1608117036337895,1,326,12.72,99,43.2,98.51,27.17,19.63,90.8,77.3,53.37,18.71,13.5,1.23,6.75,4.91,0,0.61,5.21,9.2,1.23,0,9.51,10.12,5.83,5.83,1.84,27.61,3.07,4.91,10.74,10.12,0.61,0,28.83,5.52,16.26,4.91,0.92,5.83,2.45,0,3.99,2.76,9.51,8.28,1.23,3.07,2.15,0.92,0.31,0.31,0,0,18.71,4.29,0.92,0,0,0.31,0.31,14.11,0.31,0,0,0,0,0,0,0,4.91,3.99,0.92,0,0,0,1.84,0.31,0.31,0,0,0,0.61,0,0,0.31,0.31,1.23,0,0,0.61,0,0.31,0,15.03,12.58,1.23,3.99,3.99,2.15,3.99,1.23,4.91,3.99,5.52,1.84,4.6,0.31,2.15,1.84,0.31,43.25,0,8.9,3.37,0,1.84,29.14,0,1,Clinton 2016,1,-5.52,0
Where the Stars and Stripes and the Eagle Fly,Aaron Tippin,country,question-circle,R,Ted Cruz,Ted,Cruz,2016 Campaign,campaign rally,https://genius.com/aaron-tippin-where-the-stars-and-stripes-and-the-eagle-fly-lyrics,2016,Cruz 2016,FALSE,241,en,FALSE,where the stars and stripes and the eagle fly,4,12,32,0.4291845493562232,1.2875536480686696,0.4291845493562232,0.4291845493562232,2.575107296137339,0.4291845493562232,0.4291845493562232,3.004291845493562,0.4291845493562232,5.150214592274678,233,72,0.3090128755364807,0.29895088221268484,0.21136146876490222,0.2537494039103481,1,233,20.42,52.87,84.04,88.32,233,6.01,87.98,74.68,60.09,18.88,9.01,4.72,1.72,2.58,0,0,9.87,19.31,11.16,0,7.3,8.58,7.3,9.87,1.29,15.88,4.72,3.86,6.01,3.43,1.72,0.86,14.16,3,6.44,1.72,0.43,1.29,1.29,0,3.43,0,5.58,5.15,0.43,2.58,2.15,0.43,0,0,0,0,11.16,4.29,0,1.29,0,0,1.72,7.3,1.72,0,1.29,0.43,0,0,0,0,3.86,0,0,0.86,2.58,0.43,0,0,0,0,0,0,0,0,0,0,0,0.86,0,0.43,0,0.86,0,0,7.73,14.16,0,3.86,10.73,0.43,0,0,0.43,2.58,4.72,0,1.72,0.86,0.86,0,0,9.87,0,3.43,0,0,6.44,0,0,0,Cruz 2016,0,3,0.8600000000000001
Only in America,Brooks and Dunn,country,question-circle,R,Ted Cruz,Ted,Cruz,2016 Campaign,campaign rally,https://genius.com/brooks-and-dunn-only-in-america-lyrics,2016,Cruz 2016,FALSE,261,en,FALSE,only in america,3,12,33,0.40816326530612246,1.6326530612244898,0,0.40816326530612246,2.857142857142857,0.8163265306122449,1.2244897959183674,3.2653061224489797,0.40816326530612246,4.8979591836734695,245,74,0.3020408163265306,0.27562051847766134,0.18515168229453943,0.21033094318808607,1,245,87.75,99,22.06,37.88,245,14.29,84.49,70.2,56.33,9.39,7.76,0,5.31,0,1.22,1.22,1.63,10.61,6.94,1.63,20.82,4.08,8.98,6.53,0,10.2,12.24,4.9,7.35,6.12,0.41,1.22,12.24,3.27,5.71,0,0,2.86,2.04,0.82,0,0,2.04,1.63,0.41,0,0,0,0,0,0,0,15.1,2.86,0.41,0,0,0,0.41,11.84,0.82,0,1.63,0.82,0.41,0.41,0,0,3.67,1.63,0,0.82,1.63,0,0.41,0,0,0,0,0,0,0,0,0,2.04,2.45,0,0,0,0.41,0,0,8.98,22.04,0,2.04,15.1,5.31,0,0,0.82,1.22,2.04,0.82,0.82,0,0.82,0,0,9.8,0,4.08,0,0,3.27,2.45,0,0,Cruz 2016,0,-5.31,0.8099999999999999
You're Just In Love,Irving Berlin,stage & screen,NA,R,Ted Cruz,Ted,Cruz,2016 Campaign,campaign rally,https://genius.com/irving-berlin-youre-just-in-love-lyrics,2016,Cruz 2016,FALSE,131,en,FALSE,you're just in love,2,12,34,1.5267175572519085,2.2900763358778624,1.5267175572519085,0,2.2900763358778624,3.053435114503817,1.5267175572519085,1.5267175572519085,3.816793893129771,3.816793893129771,131,47,0.35877862595419846,0.48379080721130424,0.34974825401981485,0.3566996914081533,1,131,2.73,20.44,97.55,55.92,131,12.21,90.84,79.39,59.54,23.66,17.56,10.69,0,6.11,0,0,6.11,13.74,3.82,1.53,8.4,11.45,9.92,5.34,3.82,24.43,7.63,4.58,0,0,0,0,33.59,3.05,16.03,5.34,3.82,2.29,4.58,0,3.05,0,7.63,4.58,2.29,3.82,1.53,1.53,0,0,0,0,8.4,0.76,0,0,0,0,0,7.63,0,0,0,0,0,0,0,0,0.76,0.76,0,0,0,0,6.11,1.53,1.53,0,0,0,0,0.76,0,1.53,0,0.76,0,0,0,0,0,3.05,7.63,15.27,0.76,2.29,6.87,2.29,1.53,1.53,3.05,3.82,10.69,0,0,0,0,0,0,6.87,0,0,0,0,6.87,0,0,0,Cruz 2016,0,10.69,0
Born Free,Kid Rock,pop/rock,question-circle,R,Ted Cruz,Ted,Cruz,2016 Campaign,campaign rally,https://genius.com/kid-rock-born-free-lyrics,2016,Cruz 2016,FALSE,241,en,FALSE,born free,1,12,35,1.8099547511312217,4.97737556561086,0.9049773755656109,4.072398190045249,2.7149321266968327,2.262443438914027,3.167420814479638,1.3574660633484164,5.882352941176471,5.429864253393665,221,109,0.49321266968325794,0.2949852629831043,0.21990535099007846,0.24295736643281166,1,221,37.35,1.61,99,93.25,31.57,12.22,90.5,78.73,49.77,16.29,13.57,10.86,0,2.26,0,0.45,2.71,9.5,4.98,0,11.76,9.95,0.9,6.79,3.62,23.08,16.29,0.45,3.17,0.9,0.9,1.81,26.24,1.81,7.24,0.45,0,3.17,1.81,0.9,3.62,0,16.29,10.86,5.43,4.98,2.26,2.71,0,0.9,0.9,0,6.33,3.17,0.45,1.36,0,0,1.36,3.17,0.45,0,0,0.45,0,0,0,0,1.36,0.45,0.45,0,0,0.45,2.71,1.36,0.9,0,0,0,0,0,0,0,0.45,0,0,0,0.45,0,0.45,0,15.38,14.93,0.9,4.07,7.69,2.71,0.45,0.9,9.05,11.76,3.62,0.9,0,0,0,0,0,12.67,0,6.33,0,2.71,3.62,0,0,0,Cruz 2016,0,10.86,-0.45
Backwoods,Justin Moore,pop/rock,question-circle,R,Ted Cruz,Ted,Cruz,2016 Campaign,campaign rally,https://genius.com/justin-moore-backwoods-lyrics,2016,Cruz 2016,FALSE,244,en,FALSE,backwoods,1,12,36,1.7937219730941705,0.8968609865470852,0.4484304932735426,2.242152466367713,2.242152466367713,1.345291479820628,1.7937219730941705,1.7937219730941705,3.587443946188341,4.932735426008969,224,112,0.5,0.256322069186419,0.21360506085842407,0.23438100576553492,1,223,97.51,53.45,84.73,81.54,223,10.31,87,67.71,47.09,9.42,5.83,3.14,1.35,0.9,0.45,0,3.59,17.04,13,0.45,17.04,7.17,1.79,0.45,1.79,14.8,9.42,1.35,6.73,1.79,2.69,2.24,9.42,1.35,4.48,1.35,0.45,0.9,0,1.35,0.9,0,5.38,4.48,0.45,1.35,1.35,0,0,0,0,0.45,11.66,4.48,1.35,0.9,0,0,2.24,6.28,2.24,0.45,0.9,1.79,0,0,0,0,7.62,1.35,0,2.69,1.79,1.79,0,0,0,0,0,0,0,0,0,0,0,2.24,0,0,0,0,0.45,0,17.49,26.46,0,0.9,18.83,0.9,0,6.28,0,2.69,4.04,0,2.24,0,2.24,0,0,14.8,0,9.42,0,0,5.38,0,0,0,Cruz 2016,0,1.79,-0.89
Walk of Life,Dire Straits,pop/rock,question-circle,R,Ted Cruz,Ted,Cruz,2016 Campaign,campaign rally,https://genius.com/dire-straits-walk-of-life-lyrics,2016,Cruz 2016,FALSE,304,en,FALSE,walk of life,1,12,37,0.7326007326007326,1.8315018315018314,0.3663003663003663,0.7326007326007326,1.8315018315018314,0.7326007326007326,0.3663003663003663,1.465201465201465,1.465201465201465,2.93040293040293,296,120,0.40540540540540543,0.24336385836385835,0.18465811965811968,0.1950824175824176,1,273,87.38,91.11,15.18,76.97,273,11.36,87.91,71.06,51.65,12.09,10.62,2.2,0,1.1,6.96,0.37,1.47,19.41,16.85,0.37,9.16,8.42,4.4,2.56,0,21.25,0.73,3.3,2.93,2.2,1.47,0.73,6.96,1.83,2.93,0,0.73,1.83,0,0,0,0,5.13,4.4,0.73,0.73,0.73,0,0,0,0,0,16.85,2.56,0.73,0,0,0,1.83,11.72,0.73,0,1.47,8.06,0,0,0,0,5.13,4.4,0,0,0.73,0,1.1,0,0,0,0,0,0,0.73,0,0,0,2.93,0,0,0,0.37,0.37,0,8.79,19.05,0,9.16,8.06,0,3.3,0,1.83,0.73,2.2,0.37,5.13,1.1,2.56,1.47,0,25.27,0,10.99,0,0,1.47,12.82,0,0,Cruz 2016,0,2.2,-6.590000000000001
Brave,Sara Bareilles,pop/rock,question-circle,R,Ted Cruz,Ted,Cruz,2016 Campaign,campaign rally,https://genius.com/sara-bareilles-brave-lyrics,2016,Cruz 2016,FALSE,393,en,FALSE,brave,1,12,38,1.3123359580052494,0.7874015748031497,0.5249343832020997,1.3123359580052494,0.7874015748031497,1.0498687664041995,0.26246719160104987,1.0498687664041995,2.099737532808399,1.0498687664041995,381,140,0.3674540682414698,0.1557424071991001,0.1082639670041245,0.1253037120359955,1,381,26.27,99,9.09,61.52,127,5.51,97.38,86.09,66.4,24.93,21.26,7.61,0,13.12,0,0.52,3.67,8.4,5.51,0.26,15.75,8.66,6.82,4.72,1.05,24.41,3.67,1.31,0.79,0,0.26,0.52,21.26,0.79,16.8,0.79,0.79,10.76,2.89,1.57,1.57,0,5.77,4.2,1.57,1.31,0.79,0.52,0.26,0,0,0,23.36,8.92,0,0,0.79,2.89,4.99,14.7,0,0,0,0,0,0,0,0,0,0,0,0,0,0,1.31,0.26,0,0,0,0,0,0,0,0,8.66,0,0.52,0,0,0,0,0.26,11.55,16.8,0.26,2.36,7.35,8.4,0.26,0.26,1.84,1.84,2.36,8.4,8.14,8.14,0,0,0,5.51,0,2.62,0.52,0,2.36,0,0,0,Cruz 2016,0,7.61,0
Small Town Southern Man,Alan Jackson,country,question-circle,R,Ted Cruz,Ted,Cruz,2016 Campaign,campaign rally,https://genius.com/alan-jackson-small-town-southern-man-lyrics,2016,Cruz 2016,FALSE,385,en,FALSE,small town southern man,1,12,39,0.7894736842105263,1.5789473684210527,1.0526315789473684,0.7894736842105263,1.8421052631578947,1.3157894736842106,1.3157894736842106,1.3157894736842106,2.3684210526315788,3.1578947368421053,380,148,0.3894736842105263,0.16945768136557612,0.097400426742532,0.1324075391180654,1,380,63.99,99,5.31,97.62,380,10,94.74,70.79,51.05,15.79,12.89,1.32,0,2.11,8.95,0.53,2.89,13.42,7.37,0.79,12.37,5,2.89,6.84,1.05,13.16,12.89,6.32,5.26,2.89,1.32,0.26,12.89,1.58,3.68,0.79,0.79,0.53,0.53,0,1.32,0,7.63,7.11,0.53,1.84,1.32,0.53,0.26,0,0.26,0,29.47,5.26,1.84,0,0,0,2.11,23.95,4.21,0,1.32,14.21,0,0,0,0,2.37,0,0.26,0.26,0,1.84,2.37,0,0,0,0,0,0,0,0.26,0,0,0.26,0,0,0,0,0.26,0,5,12.89,0,3.42,9.21,0.26,0,0.26,2.63,7.11,3.42,0.26,0.26,0,0.26,0,0,3.95,0,1.32,0,0,2.63,0,0,0,Cruz 2016,0,1.32,-12.89
Where I Come From,Alan Jackson,country,question-circle,R,Ted Cruz,Ted,Cruz,2016 Campaign,campaign rally,https://genius.com/alan-jackson-where-i-come-from-lyrics,2016,Cruz 2016,FALSE,484,en,FALSE,where i come from,1,12,40,0.2331002331002331,0.4662004662004662,0.2331002331002331,0.6993006993006993,0.6993006993006993,0.9324009324009324,0.2331002331002331,1.3986013986013985,0.6993006993006993,1.1655011655011656,430,132,0.30697674418604654,0.14127816627816628,0.08681394363212545,0.11740305149396059,1,429,53.56,9.02,99,60.52,143,7.69,87.18,71.79,54.55,16.55,13.52,10.96,0.23,1.17,0.7,0.23,3.03,7.23,4.66,0.47,17.48,4.9,9.79,5.13,1.17,18.41,3.03,2.1,1.4,0.47,0.7,0.23,12.35,0.23,5.13,0.93,2.33,0.47,0.93,0,0.93,0,3.96,3.26,0.7,0,0,0,0,0,0,0,7.46,3.73,0.23,1.4,0,0.23,2.33,4.43,0.47,0,1.4,1.17,0.47,0,0,0.47,3.96,0.23,2.1,0,0.23,1.4,2.56,0,0,0,0,0,0,2.1,0,0.47,0,1.17,0,0,0,0,0,0,11.19,20.51,0,6.99,17.95,0.23,0.47,1.17,1.63,6.29,2.1,0.47,0.93,0.23,0.47,0.23,0,26.34,0,11.89,0.47,0,10.96,3.03,0,0,Cruz 2016,0,10.73,0.22999999999999998
Way Out Here,Josh Thompson,country,question-circle,R,Ted Cruz,Ted,Cruz,2016 Campaign,campaign rally,https://genius.com/josh-thompson-way-out-here-lyrics,2016,Cruz 2016,FALSE,265,en,FALSE,way out here,1,12,41,1.6326530612244898,2.4489795918367347,2.4489795918367347,2.857142857142857,2.857142857142857,2.0408163265306123,1.6326530612244898,4.081632653061225,4.081632653061225,4.489795918367347,245,86,0.3510204081632653,0.236578073089701,0.18381110583768392,0.19764594209776934,1,245,7.99,98.79,80.49,65.27,245,5.71,91.02,71.02,60,19.18,13.47,0.82,7.76,4.08,0,0.82,5.71,8.98,4.08,0.82,11.02,10.61,8.98,8.57,2.86,17.96,3.27,3.27,11.84,9.39,0.82,1.63,21.63,1.22,11.43,0,1.22,2.04,4.08,0,5.31,0,8.16,4.9,2.04,3.27,1.63,0.82,0.82,0,0,0.41,17.96,2.45,0,0.82,0.41,0,0.41,14.29,1.63,0,0,1.63,0.41,0,0,0.41,4.08,0,0.82,0.82,1.63,0.82,2.04,0,0,0,0,0,0,0.82,0,0,0.82,2.04,0,0,0,0.82,0.82,0,11.43,17.96,0,3.27,13.88,1.22,0,0.41,1.63,2.45,7.76,2.04,0.82,0.82,0,0,0,14.29,0,4.08,0,0,6.12,4.08,0,0,Cruz 2016,0,-6.9399999999999995,-1.63
I Hold On,Dierks Bentley,country,question-circle,R,Ted Cruz,Ted,Cruz,2016 Campaign,campaign rally,https://genius.com/dierks-bentley-i-hold-on-lyrics,2016,Cruz 2016,FALSE,339,en,FALSE,i hold on,1,12,42,0.30959752321981426,1.238390092879257,0.30959752321981426,0.9287925696594427,1.5479876160990713,0.6191950464396285,0.30959752321981426,2.7863777089783284,1.5479876160990713,2.476780185758514,323,96,0.29721362229102166,0.19708139834881322,0.12107843137254902,0.16106811145510835,1,323,22.98,17.08,85.04,81.41,107.67,6.5,95.98,86.69,67.8,26.32,18.58,12.07,1.24,3.1,1.24,0.62,7.74,13.62,5.26,0.31,18.27,8.05,5.88,6.81,2.79,21.05,4.02,2.79,3.1,1.86,0.31,0.93,16.72,1.24,8.67,1.55,0.93,2.48,1.24,0.62,2.48,0,5.88,4.95,0.93,1.55,1.24,0.31,0.31,0,0,0,10.53,1.86,0,0,0,0.31,0.62,8.36,1.24,0,0.62,1.86,0.31,0,0,0.31,2.48,0.93,0,0.62,0.62,0.93,0,0,0,0,0,0,0,0,0,0,0,0.31,0,0,0,0,0,0,12.69,11.46,0.31,1.86,6.81,0.93,1.55,0.31,2.79,1.24,7.74,0.93,1.86,0,1.86,0,0,10.53,0.93,4.95,0.31,0,4.33,0,0,0,Cruz 2016,0,10.83,-1.2400000000000002
United States of America's national anthem,Francis Scott Key,patriotic,question-circle,R,Ted Cruz,Ted,Cruz,2016 Campaign,campaign rally,https://genius.com/francis-scott-key-united-states-of-americas-national-anthem-lyrics,2016,Cruz 2016,FALSE,351,en,FALSE,united states of america's national anthem,1,12,43,1.8808777429467085,2.5078369905956115,0.31347962382445144,2.5078369905956115,2.5078369905956115,0.9404388714733543,0.31347962382445144,2.8213166144200628,2.5078369905956115,3.4482758620689653,316,106,0.33544303797468356,0.20138995682261787,0.14193529307387473,0.1777015437392796,1,319,87.22,88.71,28.84,92.67,29,13.79,79.62,62.38,51.72,10.34,5.96,0,3.45,0.31,1.25,0.31,4.39,20.06,14.11,0.63,11.6,5.96,4.39,6.58,0,9.09,6.27,1.88,7.52,3.76,2.51,2.82,12.54,0.63,3.76,0.94,0.63,0.94,1.25,0,0.63,0,7.84,6.58,1.25,0.94,0.94,0,0,0,0,0,11.6,5.33,0.63,0,0.63,1.57,1.57,6.58,0,0,1.25,0.31,0.31,0.31,0,0,1.88,0,1.57,0,0,0.31,0,0,0,0,0,0,0,0,0,0.31,0,0.63,0,0.31,0,0.94,0.31,0,4.39,15.36,0.31,1.57,9.4,4.08,0.31,0,4.7,2.82,3.13,1.88,1.57,0,0,1.57,0,18.5,1.25,7.52,0.94,1.25,5.33,2.19,0,0,Cruz 2016,0,-3.45,0.94
We Take Care of Our Own,Bruce Springsteen,pop/rock,question-circle,D,Bernie Sanders,Bernie,Sanders,2016 Campaign,campaign rally,https://genius.com/bruce-springsteen-we-take-care-of-our-own-lyrics,2016,Sanders 2016,FALSE,211,en,FALSE,we take care of our own,27,39,44,0.5025125628140703,1.0050251256281406,0.5025125628140703,0.5025125628140703,1.5075376884422111,1.0050251256281406,0,0.5025125628140703,1.5075376884422111,3.0150753768844223,199,63,0.3165829145728643,0.3606444923027838,0.228770838318577,0.2603413894871181,1,199,54.48,99,42.55,99,24.88,10.05,88.44,71.36,53.77,20.1,14.07,2.01,12.06,0,0,0,6.03,21.61,8.54,0,13.57,6.53,4.52,3.52,2.51,23.12,1.01,0,20.1,12.56,0.5,7.04,7.54,1.51,2.51,0,0,0,0,1.01,1.51,0,9.05,8.54,0.5,0.5,0.5,0,0,0,0,0,21.11,8.54,7.04,0,0,0,0,12.56,0,0,0,0,1.01,1.01,0,0,2.01,0,0.5,0.5,0,1.01,3.02,0,0,0,0,0,0,0,0,0,0,6.03,0,0,0,0,0,0,8.54,16.08,0,4.02,9.05,2.51,0.5,0,0.5,4.02,5.53,1.01,0,0,0,0,0,13.57,0,2.51,3.52,0,7.54,0,0,0,Sanders 2016,0,-10.05,0
Starman,David Bowie,pop/rock,question-circle,D,Bernie Sanders,Bernie,Sanders,2016 Campaign,campaign rally,https://genius.com/david-bowie-starman-lyrics,2016,Sanders 2016,FALSE,433,en,FALSE,starman,27,39,45,0.2724795640326976,0.5449591280653951,0.2724795640326976,0.5449591280653951,0.5449591280653951,0.2724795640326976,0.8174386920980926,0,0.8174386920980926,1.9073569482288828,387,98,0.2532299741602067,0.1638408496913752,0.11491686592893288,0.1178501918478563,1,367,40.02,94.45,10.38,75.38,367,6.27,70.03,59.4,44.41,17.98,13.08,2.18,3.27,1.09,6.54,0,4.9,12.53,6.81,0.27,7.63,8.72,2.72,3,1.91,20.98,2.18,3,4.09,3.27,0.82,0,18.53,1.91,8.99,2.18,1.63,0.54,1.91,0,2.72,0,5.72,4.63,1.09,2.18,1.91,0.27,0.27,0,0,0,19.89,5.18,0,0.27,0,0.82,3,14.71,0,0,0,7.36,0.54,0,0,0.54,1.09,0.54,0.27,0,0,0.27,0,0,0,0,0,0,0,0,0,0.54,0,0.27,0,0,0,0.82,0.82,0,6.54,11.44,0.27,2.45,7.08,1.91,0.82,0,1.63,5.45,6.27,0.82,0.54,0.54,0,0,0,37.06,0,19.07,0,0,9.26,8.72,0,0,Sanders 2016,0,-1.0899999999999999,-7.36
Rockin' In the Free World,Neil Young,pop/rock,question-circle,D,Bernie Sanders,Bernie,Sanders,2016 Campaign,campaign rally,https://genius.com/neil-young-rockin-in-the-free-world-lyrics,2016,Sanders 2016,FALSE,265,en,FALSE,rockin' in the free world,9,39,46,1.1627906976744187,1.550387596899225,1.1627906976744187,1.1627906976744187,1.937984496124031,1.1627906976744187,0.3875968992248062,1.937984496124031,2.7131782945736433,2.7131782945736433,258,104,0.4031007751937984,0.2490086463923673,0.15980545617173522,0.20206097197376266,1,258,97.46,77.06,64.42,99,258,3.88,90.31,71.32,49.22,8.14,6.59,1.55,1.55,0,2.33,1.16,1.55,14.73,11.24,0.78,19.77,5.81,3.49,2.71,1.55,19.38,9.3,1.55,2.71,1.55,0.78,0.39,9.3,1.16,3.49,0.39,0,1.55,0.78,0,0.78,0.39,13.57,11.63,1.94,1.16,0.78,0.39,0,0.39,0,0,10.85,1.55,0,0,0,0,1.16,8.91,0.39,0,2.71,0.78,0.39,0,0,0.39,1.55,0,0,0.78,0.39,0.39,2.33,0.39,0,0,0,0,0,0,0.39,0,0.39,3.88,0.39,0,0,0,0.39,0,18.22,21.71,0.39,1.94,16.67,2.71,0,0.78,2.71,0.78,6.2,1.16,0,0,0,0,0,10.47,0,2.71,0,0,7.75,0,0,0,Sanders 2016,0,0,1.93
This Land Is Your Land,Woody Guthrie,folk,question-circle,D,Bernie Sanders,Bernie,Sanders,2016 Campaign,campaign rally,https://genius.com/woody-guthrie-this-land-is-your-land-lyrics,2016,Sanders 2016,FALSE,291,en,FALSE,this land is your land,8,39,47,0.7142857142857143,1.0714285714285714,0,0.35714285714285715,1.7857142857142858,0.35714285714285715,0.35714285714285715,0.7142857142857143,0.7142857142857143,2.857142857142857,279,75,0.26881720430107525,0.21810952380952378,0.13195714285714286,0.17477619047619047,1,280,45.02,19.97,93.4,35.41,70,11.43,81.07,69.29,59.64,18.93,12.5,8.57,0,3.57,0.36,0,6.43,19.64,9.29,0,12.14,7.86,1.79,9.64,1.43,16.07,2.14,1.07,0,0,0,0,15.36,1.07,4.64,0,2.86,0,0.36,0,1.79,0,1.07,1.07,0,0,0,0,0,0,0,0,5.36,0.71,0,0,0,0,0.71,4.29,0,0,0.36,0,0,0,0,0,1.07,0.71,0,0.36,0,0,0.71,0,0,0,0,0,0,0.71,0,0,0,0,0,0,0,0,0,0,2.5,16.79,0,3.93,10.36,3.21,0.36,0,2.14,10.71,3.21,0,0,0,0,0,0,14.29,1.43,1.07,0,0.71,2.14,8.93,0,0,Sanders 2016,0,8.57,0.36
America,Simon and Garfunkel,pop/rock,question-circle,D,Bernie Sanders,Bernie,Sanders,2016 Campaign,campaign rally,https://genius.com/simon-and-garfunkel-america-lyrics,2016,Sanders 2016,FALSE,192,en,FALSE,america,6,39,48,0,0.546448087431694,0,0.546448087431694,1.092896174863388,1.092896174863388,0.546448087431694,1.092896174863388,1.639344262295082,2.185792349726776,183,53,0.2896174863387978,0.3244973708629756,0.2148572017733787,0.2622125992370347,1,183,69.49,53.11,71.87,35.75,91.5,13.66,82.51,69.95,54.1,15.85,15.3,8.74,3.28,0,2.73,0.55,0.55,15.85,9.29,1.64,14.21,7.1,4.92,4.92,0.55,22.95,2.73,6.01,4.92,4.92,0,0,18.03,1.64,3.83,2.19,0.55,0,0.55,0.55,0.55,0,4.37,2.73,1.64,1.09,0.55,0.55,0,0,0,0,11.48,4.37,0,0.55,0,0,2.73,8.74,0.55,0.55,2.73,1.09,0.55,0,0,0.55,3.28,1.09,0,1.09,2.19,0,3.28,1.64,0.55,0,0,1.09,0,0.55,0,0,0,1.64,0.55,0,0,0.55,0.55,5.46,5.46,14.21,5.46,2.73,6.56,6.01,0,0.55,3.28,9.29,3.83,0.55,0,0,0,0,0,18.58,0.55,4.92,0,0,4.37,8.74,0,0,Sanders 2016,0,5.460000000000001,1.64
21,Hunter Hayes,pop/rock,question-circle,D,Bernie Sanders,Bernie,Sanders,2016 Campaign,campaign rally,https://genius.com/hunter-hayes-21-lyrics,2016,Sanders 2016,FALSE,365,en,FALSE,21,5,39,49,0.9259259259259259,1.8518518518518519,0.30864197530864196,0.6172839506172839,2.4691358024691357,1.2345679012345678,1.5432098765432098,0.9259259259259259,1.5432098765432098,3.0864197530864197,324,118,0.36419753086419754,0.1916248169073028,0.15324858757062146,0.1542477505754342,1,324,10.61,99,75.45,20.23,324,6.17,91.05,72.53,57.1,22.53,13.58,0.31,11.42,1.54,0,0.31,8.95,10.49,3.4,1.85,12.65,15.12,2.78,4.94,3.7,24.38,5.25,4.01,15.43,12.65,2.78,0.31,24.07,3.4,6.79,0.93,0.93,1.23,1.23,0,4.01,0.31,5.86,2.78,2.78,1.54,1.23,0,0,0,0,0,21.6,3.09,0,0,0,0.93,0,18.21,2.16,0,0.31,0,0.31,0,0,0.31,3.09,2.16,0.93,0,0,0,0.93,0,0,0,0,0.31,0,0,0,0.31,0.93,1.23,0,0.31,0,0,1.85,0,16.05,12.65,0,4.94,8.33,1.23,0,0.31,4.63,1.54,9.26,3.09,3.7,2.47,0.93,0.31,0,20.99,0,12.65,0,0,8.33,0,0,0,Sanders 2016,0,-11.11,0.31
The Revolution Starts Now,Steve Earle,pop/rock,question-circle,D,Bernie Sanders,Bernie,Sanders,2016 Campaign,campaign rally,https://genius.com/steve-earle-the-revolution-starts-now-lyrics,2016,Sanders 2016,FALSE,236,en,FALSE,the revolution starts now,4,39,50,1.3157894736842106,1.3157894736842106,0,0.8771929824561403,0.8771929824561403,0.8771929824561403,0.8771929824561403,0.8771929824561403,0.8771929824561403,2.192982456140351,228,64,0.2807017543859649,0.25895696271929824,0.23058525219298245,0.24981496710526316,1,228,28.32,98.75,99,32.38,57,12.28,98.68,78.07,60.53,19.3,14.91,4.39,0.44,9.21,0,0.88,4.39,17.54,10.09,0,10.96,5.7,14.47,4.82,0.88,21.05,0,0.88,9.21,0.44,0.44,8.33,21.49,1.75,2.63,0.88,0,1.32,0.44,0,0.44,0,1.75,1.32,0.44,0.88,0.44,0.44,0.44,0,0,0,14.91,2.19,0,0,0,0,0.88,12.72,0,0,0,0,5.7,5.7,0,0,4.82,1.32,2.63,0.44,0.44,0,1.75,0,0,0,0,0,0,0,0,0,0.44,0.88,0,0,0,0,0,0,9.21,21.93,0.44,3.95,16.23,1.32,0.88,0.44,14.04,7.02,11.4,0.44,2.19,0,2.19,0,0,3.95,0,2.19,1.32,0,0.44,0,0,0,Sanders 2016,0,3.9499999999999997,0
On the Road Again,Willie Nelson,country,question-circle,D,Bernie Sanders,Bernie,Sanders,2016 Campaign,campaign rally,https://genius.com/willie-nelson-on-the-road-again-lyrics,2016,Sanders 2016,FALSE,211,en,FALSE,on the road again,4,39,51,0,0.47619047619047616,0,0,0.9523809523809523,0.47619047619047616,0,0,0.47619047619047616,0.9523809523809523,210,74,0.3523809523809524,0.3024517374517374,0.1955276705276705,0.2291891891891892,1,210,62.44,18.49,99,65.27,210,6.67,96.19,77.62,64.76,13.33,10.95,6.67,3.81,0.48,0,0,2.38,20.48,11.9,2.86,15.71,8.57,10.48,2.86,4.76,20.48,1.9,3.33,7.14,6.19,0.95,0,17.14,0.95,4.76,0,0.48,3.81,0.48,0,3.81,0,2.86,2.86,0,1.43,1.43,0,0,0,0,0,10.95,2.86,0.48,0.48,0,0,1.43,6.67,0,2.38,0,0,0.95,0,0.95,0,1.43,1.43,0,0,0,0,0,0,0,0,0,0,0,0,0,0,0,3.81,0,0,0,0,0,0,20,14.76,0,1.9,11.9,0.48,1.43,0,11.9,0.95,7.14,0.48,0.48,0,0.48,0,0,7.62,0,0.48,0,0,7.14,0,0,0,Sanders 2016,0,2.86,0
Houdini,Foster the People,pop/rock,question-circle,D,Bernie Sanders,Bernie,Sanders,2016 Campaign,campaign rally,https://genius.com/Foster-the-people-houdini-lyrics,2016,Sanders 2016,FALSE,319,en,FALSE,houdini,3,39,52,2.5179856115107913,1.7985611510791366,0.7194244604316546,3.5971223021582732,1.079136690647482,1.4388489208633093,0.7194244604316546,0.7194244604316546,3.9568345323741005,1.7985611510791366,298,90,0.30201342281879195,0.21158273381294967,0.19591127098321343,0.20389688249400478,1,278,33.17,88.7,33.85,3.94,69.5,12.59,97.48,79.14,55.04,24.46,17.63,5.76,0.36,7.91,0.72,2.52,6.83,7.55,2.88,0,17.99,8.63,3.24,3.6,3.24,25.54,2.52,0,5.76,0.36,3.6,1.8,22.3,0.72,13.67,2.52,1.08,7.55,1.8,0.36,1.8,0,4.32,1.08,3.24,1.8,0,1.8,1.44,0,0,0,15.11,2.88,1.44,0,0.36,0,1.08,12.23,0,0,0,0.72,0,0,0,0,0,0,0,0,0,0,0.72,0,0,0,0,0,0,0,0,1.08,4.32,4.32,0,0,0,0,0.72,0,7.55,15.47,1.44,4.32,6.12,2.52,0,1.44,3.6,2.16,7.55,1.8,8.99,3.24,2.52,1.8,2.52,29.86,0,6.12,1.08,0,7.19,15.47,0,0,Sanders 2016,0,5.3999999999999995,-0.72
I Gotta Feeling,"Black Eyed Peas, Tony Brusca",pop/rock,question-circle,D,Bernie Sanders,Bernie,Sanders,2016 Campaign,campaign rally,https://genius.com/Black-eyed-peas-i-gotta-feeling-lyrics,2016,Sanders 2016,FALSE,754,en,FALSE,i gotta feeling,3,39,53,0.8250825082508251,0.8250825082508251,0.16501650165016502,0.6600660066006601,0.6600660066006601,0.33003300330033003,0.6600660066006601,0.8250825082508251,0.6600660066006601,0.9900990099009901,617,244,0.39546191247974066,0.11046975599199264,0.07400178542444408,0.0839616133744522,1,606,5.26,90.55,99,99,151.5,5.78,94.72,73.27,62.21,27.06,11.72,4.29,6.93,0.17,0.33,0,15.35,13.37,6.77,0,10.23,21.29,1.49,4.95,0.17,29.87,0.83,0.99,7.43,7.1,0.17,0.17,22.61,0.66,4.13,3.47,0.33,0.17,0.17,0,0.17,0,11.22,9.9,1.32,1.82,1.49,0.33,0.33,0,0,0,17,9.08,0,7.92,0,0,0.99,7.92,0,0,0.33,0,0,0,0,0,1.98,0.17,0.33,0,0.99,0.5,1.16,0,0,0,0,0,0,0.17,0,0.17,0.17,1.16,0,0.5,0,0,0.17,0,10.89,13.2,0.33,3.14,8.25,0.33,0,3.14,15.35,0.17,7.43,5.12,6.93,6.27,0.17,0.5,0,40.92,0,12.71,0,0.5,13.2,14.52,0,0,Sanders 2016,0,-2.6399999999999997,0.33
California Stars,"Billy Bragg, Wilco, Woody Guthrie, Tony Brusca",pop/rock,question-circle,D,Bernie Sanders,Bernie,Sanders,2016 Campaign,campaign rally,https://genius.com/billy-bragg-california-stars-lyrics,2016,Sanders 2016,FALSE,267,en,FALSE,california stars,2,39,54,0,0.37735849056603776,0,0,1.1320754716981132,0.37735849056603776,0,0.37735849056603776,0.37735849056603776,2.2641509433962264,265,112,0.4226415094339623,0.252122641509434,0.1431064690026954,0.17288746630727764,1,265,81.92,16.09,36.55,99,265,12.45,87.92,64.53,51.32,19.25,16.6,12.45,1.13,2.26,0,0.75,2.64,15.85,5.28,0,20.75,5.66,3.02,2.64,0,14.34,3.02,3.02,3.4,2.64,0.75,0,18.87,1.51,12.45,0.75,1.51,8.68,0,0,0.75,0,11.32,9.81,1.51,8.3,6.79,1.51,0.75,0,0,0,9.06,4.15,0.75,0,0,0,0.75,4.91,0,0.75,0,0,0,0,0,0,4.91,0,4.15,0.75,0,0,4.53,0,0,0,0,0.75,0,1.51,0,0.75,6.04,0,0,0,0.75,0,0.75,0,11.7,10.19,0,2.26,5.66,0.75,0,3.02,3.02,0,2.64,0,0.75,0,0.75,0,0,6.42,0,0,0,0,5.66,0.75,0,0,Sanders 2016,0,11.32,0
Pink Houses,"John Mellencamp, Tony Brusca",pop/rock,question-circle,D,Bernie Sanders,Bernie,Sanders,2016 Campaign,campaign rally,https://genius.com/john-mellencamp-pink-houses-lyrics,2016,Sanders 2016,FALSE,393,en,FALSE,pink houses,2,39,55,0.3067484662576687,2.147239263803681,1.2269938650306749,0.9202453987730062,2.147239263803681,1.2269938650306749,1.5337423312883436,1.5337423312883436,1.8404907975460123,3.067484662576687,327,75,0.22935779816513763,0.20205725971370142,0.11532106339468304,0.1483476482617587,1,326,21.44,58.33,47.61,63.72,23.29,9.51,90.8,74.54,52.45,16.87,11.35,3.99,0,3.99,2.45,0.92,5.52,12.88,6.44,0,10.12,9.2,4.91,8.28,4.29,16.26,7.67,2.45,1.84,0,0.92,1.23,15.95,0.61,9.82,1.84,0.61,1.23,0.31,0.61,5.83,0.31,5.52,3.99,1.23,1.23,0.92,0,0,0,0,0,15.95,2.76,0,0,0.31,0,2.15,13.19,2.15,0.31,0.61,3.68,0.92,0.31,0.61,0,4.6,0.31,3.07,0.61,0.61,0,1.23,0.31,0,0,0,0,0,0.31,0.31,0,0,0.92,0,0,0,0.31,0,0,7.98,11.04,0.31,1.23,6.44,3.37,0.31,0,2.15,1.84,8.9,0.31,9.51,1.53,4.6,1.84,1.53,33.74,0,15.34,3.99,0,11.04,3.37,0,0,Sanders 2016,0,3.99,-3.0700000000000003
Revolution,Flogging Molly,pop/rock,question-circle,D,Bernie Sanders,Bernie,Sanders,2016 Campaign,campaign rally,https://genius.com/flogging-molly-revolution-lyrics,2016,Sanders 2016,FALSE,336,en,FALSE,revolution,2,39,56,1.2944983818770226,1.6181229773462784,0.970873786407767,0.970873786407767,1.2944983818770226,2.26537216828479,1.6181229773462784,1.6181229773462784,3.236245954692557,2.588996763754045,312,113,0.3621794871794872,0.1726837929948163,0.15366726809290604,0.16888048801443425,1,309,27.13,49.69,99,28.9,44.14,13.27,91.91,73.79,58.25,17.48,13.59,6.8,4.21,1.29,0,0.97,3.88,16.18,10.68,0.97,10.68,8.74,8.74,8.09,2.91,21.04,1.29,3.24,8.09,4.21,0.65,3.24,23.62,1.29,6.47,1.29,1.29,0.97,0.32,0,2.91,0,3.88,2.27,1.62,0.65,0,0.65,0.65,0,0,0,12.94,3.24,0.65,0,0,0.97,1.62,8.74,0,0,0,0.65,2.91,2.59,0.32,0,3.56,0,0,1.94,1.94,0,2.59,0,0,0,0,0,0,0.97,0,0.65,0,1.29,0,0.97,0,0,0.32,0.32,10.36,14.56,0.32,2.91,11,0.65,0,0.32,8.74,2.27,7.12,2.27,0.65,0.65,0,0,0,20.06,4.85,3.56,0.32,0,10.36,0.97,0,0,Sanders 2016,0,2.59,-0.65
Uprising,Muse,pop/rock,question-circle,D,Bernie Sanders,Bernie,Sanders,2016 Campaign,campaign rally,https://genius.com/muse-uprising-lyrics,2016,Sanders 2016,FALSE,256,en,FALSE,uprising,2,39,57,3.0973451327433628,2.6548672566371683,2.2123893805309733,4.424778761061947,2.6548672566371683,3.0973451327433628,0.8849557522123894,2.6548672566371683,5.3097345132743365,3.5398230088495577,226,95,0.42035398230088494,0.24844899860270145,0.20077782952957615,0.2516581276199348,1,226,10.39,99,65.76,68.97,226,10.18,91.59,76.55,54.42,19.03,15.04,0,8.41,1.77,0,4.87,3.98,11.5,4.87,0.44,8.41,11.5,4.87,7.52,3.54,23.01,4.42,2.65,16.81,8.85,1.77,7.52,23.45,1.77,11.06,0.44,3.1,1.77,0.88,0.44,4.42,0,5.75,4.42,1.33,1.33,0.44,0.88,0.88,0,0,0,23.45,8.41,0,0,0,0.44,7.08,15.04,0,0,0,0,0.44,0.44,0,0,0.44,0,0,0,0.44,0,3.1,2.21,0.88,0,0.44,0,0,0,0.44,0.88,0.44,0.88,0,0,0,0,0,0,17.7,11.5,0.44,5.31,7.96,2.65,0,0,3.98,0.44,0.88,7.96,7.08,7.08,0,0,0,15.04,0,6.19,0,0,1.77,7.08,0,0,Sanders 2016,0,-8.41,0
Kids Don't Stop Demo Version,Mark Foster,pop/rock,question-circle,D,Bernie Sanders,Bernie,Sanders,2016 Campaign,campaign rally,https://genius.com/mark-foster-kids-dont-stop-demo-version-lyrics,2016,Sanders 2016,FALSE,330,en,FALSE,kids don't stop demo version,2,39,58,1.0714285714285714,0.7142857142857143,0.35714285714285715,1.4285714285714286,1.0714285714285714,1.0714285714285714,0,1.4285714285714286,1.7857142857142858,2.142857142857143,280,125,0.44642857142857145,0.1800114285714286,0.16375142857142858,0.16583428571428574,1,280,1,1,99,29.89,21.54,5,96.43,68.93,53.57,21.43,16.07,13.21,0.71,0.71,0,1.43,5.36,8.57,1.07,2.86,8.21,21.07,1.79,2.5,13.93,32.5,4.29,7.14,1.07,0.71,0,0.36,44.64,2.14,2.14,0.71,0.36,1.07,0,0,0,0,4.29,2.5,1.79,2.14,1.79,0.36,0.36,0,0,0,9.29,6.07,0,0,0,0,6.07,3.21,0,0,0,0,0,0,0,0,1.07,0.71,0.36,0,0,0,0.71,0,0,0,0,0,0,0,0,0.36,0.36,1.07,0.36,0,0,0,0.36,0,20.71,12.14,0,4.64,5,2.5,0,0,17.86,3.21,18.21,3.21,2.14,2.14,0,0,0,35.71,4.29,8.57,0,3.57,17.86,1.43,0,0,Sanders 2016,0,12.5,0
God Bless The USA,Lee Greenwood,pop/rock,question-circle,R,Donald Trump,Donald,Trump,2016 Campaign,campaign rally,https://genius.com/lee-greenwood-god-bless-the-usa-lyrics,2016,Trump 2016,FALSE,252,en,FALSE,god bless the usa,81,57,59,0,2.8,0,1.2,3.2,0.4,0.4,2,0.8,4.4,249,71,0.285140562248996,0.2743830985915493,0.1719549295774648,0.2242985915492958,1,250,14.7,6.49,94.23,99,83.33,6.8,94,71.6,60.8,20.4,16.4,11.2,0.4,0.8,1.2,0.4,4,13.6,4.8,0,13.2,10,7.2,6.8,4,17.6,4.4,2.4,3.6,0.8,2,0.8,21.6,1.2,10.4,1.2,1.6,2.4,0.4,2.4,2,1.2,8.4,8.4,0,4,4,0,0,0,0,0,12.4,4.4,0.4,0.4,0,0,0.8,7.6,1.2,0,1.6,1.2,4,2.4,1.6,0,2.8,0,0,0.4,0,2.4,2,0,0,0,0,0,0,0,1.2,0.8,0,0.4,0,0,0,0,0.4,0,11.2,12.8,0,0.4,12,0.4,0,0,3.6,4.4,7.2,1.6,0,0,0,0,0,10.4,0.8,0.4,0,0,9.2,0,0,0,Trump 2016,1,10.799999999999999,0.40000000000000013
You Can't Always Get What You Want,The Rolling Stones,pop/rock,question-circle,R,Donald Trump,Donald,Trump,2016 Campaign,campaign rally,https://genius.com/the-rolling-stones-you-cant-always-get-what-you-want-lyrics,2016,Trump 2016,FALSE,512,en,FALSE,you can't always get what you want,68,57,60,0.8714596949891068,0.8714596949891068,0.6535947712418301,0.6535947712418301,1.5250544662309369,1.0893246187363834,0.4357298474945534,1.5250544662309369,1.0893246187363834,2.832244008714597,466,143,0.30686695278969955,0.1369517193046605,0.11392659627953747,0.1112588936118348,1,459,4.94,99,2.18,64.87,57.38,6.1,96.08,81.26,55.12,30.5,23.75,4.14,1.31,14.6,3.7,0,6.75,8.06,2.83,0.44,6.32,6.1,2.4,3.7,4.79,25.27,1.09,0.22,3.27,1.53,1.53,0.22,28.98,0.65,23.53,2.4,0,7.41,12.42,0,6.75,0,3.7,3.27,0.44,0.87,0.65,0.22,0,0.22,0,0,24.62,2.61,0,0.44,0,0,1.31,22,0.87,0,3.05,1.96,0,0,0,0,1.74,1.31,0,0.22,0,0.22,3.49,0.65,0.22,0,0,0.44,0,1.31,0.22,1.53,3.92,5.88,0,0.22,0,0,0,0,11.76,6.75,0.22,0.44,2.4,1.09,1.09,0,1.96,4.36,1.53,3.7,6.97,1.31,3.05,3.27,0.22,19.17,0.44,9.15,0,1.09,5.01,3.49,0,0,Trump 2016,1,2.8299999999999996,1.0899999999999999
Get Ready For This,2 Unlimited,electronic,question-circle,R,Donald Trump,Donald,Trump,2016 Campaign,campaign rally,https://genius.com/2-unlimited-get-ready-for-this-lyrics,2016,Trump 2016,FALSE,375,en,FALSE,get ready for this,14,57,61,0.6153846153846154,0.9230769230769231,0.6153846153846154,0.6153846153846154,0.3076923076923077,0.6153846153846154,0.6153846153846154,1.8461538461538463,1.2307692307692308,0.9230769230769231,328,117,0.3567073170731707,0.18957790927021695,0.1316844181459566,0.16574884944115711,1,325,54.48,76.47,84.41,92.08,65,4.92,88.92,72,51.69,18.77,12.62,5.54,0.92,5.85,0,0.31,6.15,14.77,7.38,1.54,13.85,7.08,4.31,4,2.15,15.38,7.08,0.92,2.77,0.92,0.31,1.54,16,0.92,7.38,2.15,0.62,1.23,1.54,0,1.23,0,6.46,5.85,0.62,0.31,0,0.31,0,0,0,0,10.15,1.54,0,0,0,0.31,0.31,8.62,0,0,0,0,0,0,0,0,2.15,0,1.23,0.92,0,0,2.15,0,0,0,0,0,0,0,0,0.62,0.62,2.46,0,0,0,0,0.62,0,12,15.69,0,1.23,9.85,1.85,1.23,1.54,4.92,0.92,4.31,1.85,5.54,2.46,3.08,0,0,24.62,0,14.15,1.23,0,8.31,0.92,0,0,Trump 2016,1,4.62,0
Tell Me (You're Coming Back),The Rolling Stones,pop/rock,question-circle,R,Donald Trump,Donald,Trump,2016 Campaign,campaign rally,https://genius.com/the-rolling-stones-tell-me-youre-coming-back-lyrics,2016,Trump 2016,FALSE,200,en,FALSE,tell me (you're coming back),13,57,62,0,2.0202020202020203,0,0,1.0101010101010102,0,0,0.5050505050505051,0.5050505050505051,2.0202020202020203,198,65,0.3282828282828283,0.29281274281274283,0.20089355089355085,0.2378943278943279,1,198,5.74,95.05,99,20.23,198,3.03,99.49,87.37,57.58,37.88,34.85,17.68,0.51,16.67,0,0,3.03,5.05,2.02,0,13.64,9.09,1.52,3.03,1.52,36.87,1.52,0.51,1.01,0.51,0.51,0,27.78,0.51,8.08,2.53,0.51,2.53,0,0,3.03,0,1.01,0.51,0.51,0.51,0.51,0,0,0,0,0,25.76,8.08,0,0,0,0,7.58,17.68,0,0.51,0,0,0.51,0,0,0.51,0,0,0,0,0,0,0,0,0,0,0,0,0,0,0,6.06,2.53,0,0,0,0,0,0,0,12.12,19.19,0,9.09,15.66,0.51,1.01,0.51,5.05,2.02,8.59,6.57,6.06,6.06,0,0,0,10.1,0,1.01,0,0,9.09,0,0,0,Trump 2016,1,17.169999999999998,0
All Right Now,Free,pop/rock,question-circle,R,Donald Trump,Donald,Trump,2016 Campaign,campaign rally,https://genius.com/free-all-right-now-lyrics,2016,Trump 2016,FALSE,380,en,FALSE,all right now,12,57,63,0,0.9836065573770492,0.6557377049180327,0.32786885245901637,1.639344262295082,0.32786885245901637,0.6557377049180327,0.6557377049180327,1.3114754098360655,1.9672131147540983,306,99,0.3235294117647059,0.2286835568802782,0.13155489319423747,0.17678423580062927,1,305,4.22,94.78,63.35,56,25.42,2.3,96.72,72.46,54.1,21.97,13.44,4.26,0.98,3.61,4.26,0.33,8.52,16.07,1.31,0,6.56,11.48,10.49,1.64,1.64,21.64,2.3,10.49,2.95,1.64,0.66,0.66,37.38,10.49,4.26,0.66,0,1.64,1.64,0,0.66,0,3.61,2.95,0.66,3.28,2.62,0.66,0,0,0,0,22.3,7.87,0,0,0,0.66,3.93,14.43,4.92,0,3.93,0.33,0,0,0,0,1.31,0.66,0.66,0,0,0,1.31,0,0,0,0,0,0,0,0,0.98,0,0.66,0.98,0,0,0,0.33,0,22.62,10.16,0.98,4.26,5.25,1.31,0,0,10.82,3.61,19.34,0,5.25,0.66,3.28,0.66,0.66,39.67,0,19.02,2.62,0.98,10.82,6.23,0,0,Trump 2016,1,3.28,3.6
Funeral for a Friend / Love Lies Bleeding,Elton John,pop/rock,question-circle,R,Donald Trump,Donald,Trump,2016 Campaign,campaign rally,https://genius.com/elton-john-funeral-for-a-friend-love-lies-bleeding-lyrics,2016,Trump 2016,FALSE,333,en,FALSE,funeral for a friend / love lies bleeding,9,57,64,0.3546099290780142,1.0638297872340425,0.3546099290780142,1.0638297872340425,1.4184397163120568,0.7092198581560284,0.3546099290780142,1.0638297872340425,1.0638297872340425,2.127659574468085,286,64,0.22377622377622375,0.2267065602836879,0.14973958333333334,0.1687777039007092,1,282,29.25,24.85,88.8,59.13,28.2,8.16,90.43,69.5,49.65,19.15,14.54,8.87,0,5.67,0,0,4.61,12.06,4.96,0.35,9.93,6.38,4.26,6.74,2.13,12.06,0.35,3.19,1.06,0,0,1.06,18.44,0.71,9.93,1.77,1.42,1.77,2.48,0,4.96,0,4.61,3.55,1.06,2.84,2.84,0,0,0,0,0,13.48,6.03,0,0,1.06,0,0.35,7.45,0,0,0.35,1.06,0,0,0,0,0.71,0,0.71,0,0,0,7.09,2.48,2.48,0,0,0,0,0.35,1.42,0,0.35,0,0,0,0,0,0,0.35,7.09,7.45,0,1.77,6.03,0,0,0,3.19,3.9,3.55,0.71,14.89,0,0,12.77,2.13,29.08,0,15.25,0,3.55,7.45,2.84,0,0,Trump 2016,1,8.87,-0.7100000000000001
We're Not Gonna Take It,Twisted Sister,pop/rock,question-circle,R,Donald Trump,Donald,Trump,2016 Campaign,campaign rally,https://genius.com/twisted-sister-were-not-gonna-take-it-lyrics,2016,Trump 2016,FALSE,317,en,FALSE,we're not gonna take it,9,57,65,1.486988847583643,0,1.1152416356877324,0.7434944237918215,0.37174721189591076,0.7434944237918215,0.37174721189591076,0.37174721189591076,2.2304832713754648,0.7434944237918215,278,67,0.24100719424460432,0.24719525051323307,0.1742273761304999,0.16760250790656386,1,269,1,93.81,37.44,1.8,134.5,7.06,97.03,89.22,69.52,30.86,19.7,0.37,14.5,4.83,0,0,11.15,10.04,1.49,0.37,10.41,27.51,5.2,2.97,16.36,40.52,3.35,0.74,18.59,15.24,1.49,1.86,46.84,5.95,12.27,0.74,0.74,0.74,0.37,0,10.04,0,4.46,0.74,3.72,0.74,0,0.74,0,0,0,0,22.68,2.6,0,0,1.12,0.37,0,19.33,0,0,0,0,0,0,0,0,0.37,0.37,0,0,0,0,0.37,0.37,0,0,0,0,0,0,0,0,0.37,9.29,0,0,0.74,0,0.37,0,18.59,2.6,0,1.12,0.74,0.74,0.37,0,4.09,0.74,15.61,11.9,12.27,8.92,2.97,0.37,0,37.92,0,6.32,0.37,0,16.73,14.5,0,0,Trump 2016,1,-14.13,0
Tiny Dancer,Elton John,pop/rock,question-circle,R,Donald Trump,Donald,Trump,2016 Campaign,campaign rally,https://genius.com/elton-john-tiny-dancer-lyrics,2016,Trump 2016,FALSE,298,en,FALSE,tiny dancer,8,57,66,1.4760147601476015,1.1070110701107012,0.7380073800738007,1.1070110701107012,2.2140221402214024,1.1070110701107012,0.7380073800738007,2.2140221402214024,1.4760147601476015,2.952029520295203,273,106,0.3882783882783883,0.2248416069066351,0.1595140291025552,0.15809371301260183,1,271,71.1,88.35,94.5,35.98,54.2,8.12,84.87,71.22,51.29,16.61,14.76,6.64,0,4.43,3.69,0,1.85,11.81,9.59,0,13.28,4.8,6.27,3.32,1.11,15.5,8.49,5.17,0.74,0.74,0,0,16.97,2.21,5.17,1.85,1.11,1.48,0,1.48,0.74,0,1.85,1.48,0.37,1.48,1.11,0.37,0,0,0,0,16.61,4.43,0,0.74,0,0,1.48,13.65,1.48,0,3.69,1.85,0,0,0,0,5.17,4.43,0,0,0,0.74,0.74,0,0,0,0,0,0,0,0,0,0,0,0,0,0,0,0,0,7.75,18.82,0,3.32,12.18,1.85,2.21,0.74,7.38,2.95,5.9,0.74,1.11,0,0,0.74,0.37,12.92,1.48,8.49,0,0,2.21,0.74,0,0,Trump 2016,1,6.64,1.8399999999999999
Rocket Man,Elton John,pop/rock,question-circle,R,Donald Trump,Donald,Trump,2016 Campaign,campaign rally,https://genius.com/elton-john-rocket-man-lyrics,2016,Trump 2016,FALSE,391,en,FALSE,rocket man,8,57,67,0.8379888268156425,0.5586592178770949,0.8379888268156425,0.5586592178770949,0.27932960893854747,0.5586592178770949,0,0.8379888268156425,1.1173184357541899,0.8379888268156425,359,131,0.3649025069637883,0.1755384024905113,0.11626721821826089,0.15652479849886988,1,358,13.21,4.26,99,17.02,119.33,2.79,91.62,78.21,59.78,18.16,13.41,10.06,0,0.56,1.4,1.4,4.75,15.36,8.38,0.84,12.29,17.04,4.47,6.98,5.31,24.3,10.61,9.22,0.28,0.28,0,0,32.68,4.19,8.1,6.15,0,0,0.28,0,1.96,0,0.56,0,0.28,0.28,0,0.28,0,0,0.28,0.28,10.06,1.12,0,0,0,0,0,7.26,0.28,0,0.56,4.47,0,0,0,0,1.96,0,1.12,0.56,0,0.28,0,0,0,0,0,0,0,0,0,0,0,0,0,0,0,0,0,0.28,19.27,18.44,0,1.96,15.08,0,0,0.28,7.82,0.28,10.06,3.91,5.03,3.91,0,1.12,0,20.39,0.56,8.38,0,0,11.17,0.28,0,0,Trump 2016,1,10.06,-3.9099999999999997
Heart of Stone,The Rolling Stones,pop/rock,question-circle,R,Donald Trump,Donald,Trump,2016 Campaign,campaign rally,https://genius.com/the-rolling-stones-heart-of-stone-lyrics,2016,Trump 2016,FALSE,267,en,FALSE,heart of stone,7,57,68,0.4424778761061947,0.4424778761061947,0,0,1.7699115044247788,0.4424778761061947,0.4424778761061947,0.8849557522123894,0.8849557522123894,1.7699115044247788,226,80,0.35398230088495575,0.25662057522123893,0.16289823008849558,0.22260508849557523,1,226,1,7.35,56.54,54.6,113,3.54,87.17,74.34,56.19,20.8,14.6,4.87,0,5.31,4.42,0,6.19,19.03,1.77,0,8.41,7.96,10.62,2.21,17.7,18.58,6.64,2.21,3.54,0,3.54,0,33.19,15.49,10.62,1.77,3.98,1.77,1.77,0.88,2.65,0,5.75,3.98,1.77,2.21,0.88,1.33,0,0,1.33,0,13.72,1.77,0,0,0,0,0.88,11.95,0,0.88,5.75,0,0,0,0,0,0.88,0,0.88,0,0,0,4.87,0,0,0,0,0,0,0,0,0,0,0.44,0,0,0,0,0,0.44,16.37,8.41,0.44,3.54,5.31,0.88,0.44,0,7.08,2.21,3.1,3.98,2.21,0,0,2.21,0,27.43,0,17.7,0.44,0,9.29,0,0,0,Trump 2016,1,4.87,5.75
Let's Spend the Night Together,The Rolling Stones,pop/rock,question-circle,R,Donald Trump,Donald,Trump,2016 Campaign,campaign rally,https://genius.com/the-rolling-stones-lets-spend-the-night-together-lyrics,2016,Trump 2016,FALSE,375,en,FALSE,let's spend the night together,7,57,69,0,1.5625,0,0.3125,0.9375,0.9375,0,0.3125,0.625,1.25,353,115,0.32577903682719545,0.20826358695652175,0.1589945652173913,0.1493994565217391,1,320,2.64,70.85,97.61,54.19,320,13.44,95.94,74.69,52.19,25.63,24.69,13.13,6.25,5.31,0,0,0.94,14.38,5.94,0,5,11.88,7.81,4.69,3.13,27.19,2.19,3.75,15.31,12.19,0.94,2.19,36.88,4.06,11.56,1.88,0.31,5.63,0,0,3.75,0,3.44,2.81,0.63,0.94,0.63,0.31,0.31,0,0,0,15.63,1.88,0.94,0.31,0,0.31,0,13.75,1.56,0,0.63,0,0,0,0,0,6.25,0.31,0,0,5.94,0,1.25,0,0,0,0,0,0,0,0,3.75,0,1.25,0,1.25,0,0,0,0,17.5,4.38,0,0.31,3.13,0.31,0,0.63,12.5,0.31,14.38,1.56,4.69,0,0,4.38,0.31,40.63,0,9.06,0,0,13.13,18.44,0,0,Trump 2016,1,6.880000000000001,0.63
Time Is On My Side,The Rolling Stones,pop/rock,question-circle,R,Donald Trump,Donald,Trump,2016 Campaign,campaign rally,https://genius.com/the-rolling-stones-time-is-on-my-side-lyrics,2016,Trump 2016,FALSE,334,en,FALSE,time is on my side,7,57,70,0,1.4234875444839858,0,0.35587188612099646,1.4234875444839858,0.35587188612099646,0.35587188612099646,1.0676156583629892,0.7117437722419929,2.491103202846975,281,114,0.405693950177936,0.2134138727601923,0.13824061934194917,0.17814821751888618,1,281,8.68,69.1,99,20.23,140.5,5.69,99.64,74.38,51.96,21.71,17.08,9.61,0,7.47,0,0,4.63,9.61,1.42,0,10.68,16.37,3.2,3.91,1.42,32.38,2.14,1.78,0,0,0,0,40.57,6.76,7.12,1.42,0.71,2.49,0,0.36,1.07,0.36,3.2,1.42,1.42,1.78,0.71,0.71,0.71,0,0,0,12.81,2.85,0,0,0,0,2.49,9.61,1.78,0,0,0,0,0,0,0,0.36,0,0,0,0.36,0,0.36,0,0,0,0,0,0,0,0,1.78,0.71,0.36,0,0,0,0,0,0.71,28.47,19.22,0.71,8.54,13.88,0.71,0,0,12.81,2.49,9.96,7.83,6.41,0,5.34,1.07,0,24.91,0,13.52,0,0.36,6.05,4.98,0,0,Trump 2016,1,9.61,0
Rolling in the Deep,Adele,pop/rock,question-circle,R,Donald Trump,Donald,Trump,2016 Campaign,campaign rally,https://genius.com/adele-rolling-in-the-deep-lyrics,2016,Trump 2016,FALSE,622,en,FALSE,rolling in the deep,6,57,71,0.7326007326007326,0.7326007326007326,0.7326007326007326,1.098901098901099,1.2820512820512822,1.2820512820512822,0.9157509157509157,1.098901098901099,1.2820512820512822,2.0146520146520146,546,151,0.2765567765567766,0.10149188559784586,0.08985396501952794,0.09008563180748612,1,546,12.58,96.3,96.1,88.66,546,7.88,94.14,80.22,65.02,25.46,20.33,7.51,1.65,10.44,0,0.73,5.13,13.74,6.23,0.18,14.84,18.13,3.85,2.2,3.11,28.75,3.66,3.11,2.56,2.2,0.18,0.18,29.49,4.95,6.59,0.92,0.55,4.03,0.37,0,0.92,0.37,6.04,5.31,0.55,1.1,0.73,0.37,0,0,0.37,0.18,17.58,4.4,0.37,0,0,0,0.37,13.19,0.18,0,0,0,0,0,0,0,2.56,1.47,0.18,0,0.55,0.37,3.11,0.37,0.37,0,0,0,0,0,0,0,2.2,0.18,0,0,0,0.18,0,0.37,4.03,18.5,0.37,6.96,12.45,1.1,0.18,0.37,3.11,10.62,6.04,7.88,5.86,4.4,0.18,0.37,0.92,20.33,0,4.4,0,0,6.41,9.52,0,0,Trump 2016,1,5.859999999999999,0
I Want It That Way,Backstreet Boys,pop/rock,question-circle,R,Donald Trump,Donald,Trump,2016 Campaign,campaign rally,https://genius.com/backstreet-boys-i-want-it-that-way-lyrics,2016,Trump 2016,FALSE,292,en,FALSE,i want it that way,5,57,72,0,0,0,0.36764705882352944,0,1.1029411764705883,0,0,1.1029411764705883,0,271,87,0.3210332103321033,0.19890128465179174,0.16282116294793778,0.16938810006761326,1,272,1,1,82,1,136,4.78,98.53,86.03,65.44,29.04,20.22,12.13,0.74,7.35,0,0,8.82,12.87,5.15,0.74,5.88,9.19,7.35,5.15,11.4,26.1,0.37,0.74,0.74,0.74,0,0,39.71,8.09,25.74,1.1,4.78,10.66,0,0,9.19,0,4.78,0,3.68,2.94,0,1.84,0,0,1.84,0,16.54,8.46,0,0,0,0,8.46,8.09,0,0,0,0,0,0,0,0,0,0,0,0,0,0,0.37,0,0,0,0,0,0,0,0,0,8.09,0,0,0,0,0,0,0,2.57,10.66,0,0.74,6.99,0.37,3.31,0,3.68,1.1,8.82,3.31,6.25,3.68,2.21,0.37,0,17.28,0,2.94,0.37,0,9.56,4.41,0,0,Trump 2016,1,11.39,0
Eye of the Tiger,Survivor,pop/rock,question-circle,R,Donald Trump,Donald,Trump,2016 Campaign,campaign rally,https://genius.com/survivor-eye-of-the-tiger-lyrics,2016,Trump 2016,FALSE,274,en,FALSE,eye of the tiger,5,57,73,1.1406844106463878,2.661596958174905,0.38022813688212925,2.2813688212927756,1.520912547528517,1.1406844106463878,0.7604562737642585,1.9011406844106464,2.661596958174905,2.661596958174905,263,81,0.30798479087452474,0.20707412101581935,0.21151011594611088,0.2144345866779327,1,263,98.03,89.19,19.13,6.87,263,6.84,89.73,68.82,59.7,12.55,9.89,1.9,2.66,1.52,3.04,0.76,2.66,25.48,19.01,0,18.25,6.84,2.66,3.8,0.76,12.17,3.04,1.52,7.98,2.66,2.66,3.42,15.97,1.14,2.28,1.14,0,0.38,0.38,0,0.38,0,8.37,3.42,4.94,1.14,1.14,0,0,0,0,0,12.93,4.18,0,0,3.04,0,0,8.75,0,0,0,3.8,0,0,0,0,0.76,0,0,0.76,0.38,0,6.46,0.38,0,0,0,0,0,0.38,0.38,0.76,0,1.14,0.38,0,0,0.76,0.38,0,5.32,13.69,1.14,1.14,6.84,4.94,0,0.76,5.32,3.42,6.84,1.14,0.38,0.38,0,0,0,11.41,0,4.18,0,0,7.22,0,0,0,Trump 2016,1,-0.7600000000000002,-3.8
Shallow,Lady Gaga,pop/rock,thumbs-up,D,Joe Biden,Joe,Biden,2020 Campaign,campaign rally,https://genius.com/lady-gaga-shallow-lyrics,2020,Biden 2020,FALSE,214,en,FALSE,shallow,8,60,74,1.5789473684210527,2.1052631578947367,1.0526315789473684,3.1578947368421053,1.0526315789473684,2.6315789473684212,1.0526315789473684,2.1052631578947367,3.6842105263157894,1.0526315789473684,205,56,0.2731707317073171,0.24238721804511276,0.24892857142857142,0.2357330827067669,1,190,45.95,25.84,99,9.95,27.14,11.05,88.95,75.79,57.37,18.95,16.32,9.47,3.16,2.63,0,1.05,2.63,13.68,10.53,0,13.68,10.53,5.79,3.68,3.16,16.32,11.05,2.11,3.16,3.16,0,0,23.68,2.11,8.95,1.05,1.05,3.68,1.58,0,3.68,0,6.32,2.63,3.68,5.26,1.58,3.68,1.05,0,0,0,10,2.11,0,0,0,0,1.05,7.89,0,0,0.53,0.53,0,0,0,0,0,0,0,0,0,0,1.58,0.53,0,0,0,0,0,0,0,1.05,1.05,0,0,0.53,0.53,0,0,0,9.47,23.16,1.58,1.58,17.89,1.05,0,1.58,7.89,0,10.53,1.05,3.16,2.11,0,1.05,0,33.68,0,10.53,3.16,0,11.05,8.95,0,0,Biden 2020,1,6.3100000000000005,0
(Your Love Keeps Lifting Me) Higher and Higher,Jackie Wilson,r&b,thumbs-up,D,Joe Biden,Joe,Biden,2020 Campaign,campaign rally,https://genius.com/jackie-wilson-your-love-keeps-lifting-me-higher-and-higher-lyrics,2020,Biden 2020,FALSE,379,en,FALSE,(your love keeps lifting me) higher and higher,5,60,75,0,0.6557377049180327,0.6557377049180327,0,1.639344262295082,0.6557377049180327,0.32786885245901637,0.9836065573770492,0.6557377049180327,1.9672131147540983,308,107,0.3474025974025974,0.2652152596905163,0.15352229201777234,0.2077003217404627,1,305,6.65,32.68,99,99,305,3.28,87.21,74.1,45.57,24.59,22.95,15.74,0,6.56,0.66,0,1.64,7.54,0.33,0.33,5.9,2.95,5.57,9.18,0.33,16.07,15.74,0.33,0.66,0.66,0,0,15.08,1.31,2.62,0.98,0.33,0.66,0,0,0.66,0,16.72,15.74,0.66,8.52,7.54,0.66,0,0,0.66,0,17.7,8.85,0,0,0,0,1.64,8.85,0.33,0.33,0.98,0.66,0,0,0,0,0,0,0,0,0,0,1.31,0,0,0,0,0,0,0.33,0,0,0.33,0,0,0.33,0,0,0,0,13.11,20,0.33,2.3,18.36,0.33,0.33,0,4.26,4.26,6.89,0.98,1.64,0,1.31,0.33,0,38.69,0,3.93,0,0,13.44,21.31,0,0,Biden 2020,1,15.74,0.31999999999999995
Higher Love,"Kygo, Whitney Houston",r&b,thumbs-up,D,Joe Biden,Joe,Biden,2020 Campaign,campaign rally,https://genius.com/whitney-houston-higher-love-lyrics,2020,Biden 2020,FALSE,613,en,FALSE,higher love,4,60,76,0.9727626459143969,1.556420233463035,0.7782101167315175,0.9727626459143969,1.3618677042801557,1.1673151750972763,0.5836575875486382,1.3618677042801557,1.9455252918287937,2.140077821011673,519,235,0.4527938342967245,0.14561967050252503,0.09082539945359716,0.11204238761486879,1,514,45.37,2.09,99,99,171.33,4.28,98.25,84.24,49.61,21.4,16.54,14.2,0.78,1.36,0,0,4.86,12.84,8.75,0,8.56,6.61,3.11,2.14,2.14,24.51,10.31,0.39,2.72,0.97,1.56,0.19,14.79,2.14,7.78,3.31,0.58,3.11,0.39,0.97,0.58,0,12.45,11.67,0.58,10.12,9.34,0.58,0.19,0,0,0,21.4,18.29,0,0,0,0,0,2.92,0,0.19,0,0,0,0,0,0,0.58,0.39,0,0,0,0.19,0.39,0,0,0,0,0,0,0,0,0.19,0.39,0,0,0,0,0,0.19,0,25.1,28.4,0.78,9.73,15.18,2.14,0.39,1.17,1.36,0.78,4.09,0.97,6.81,0.39,1.17,5.06,0.19,23.15,0,11.09,0.39,0,2.92,8.75,0,0,Biden 2020,1,13.42,0
Glory,John Legend,r&b,thumbs-up,D,Joe Biden,Joe,Biden,2020 Campaign,campaign rally,https://genius.com/john-legend-glory-lyrics,2020,Biden 2020,FALSE,507,en,FALSE,glory,4,60,77,0.684931506849315,2.5114155251141552,0.684931506849315,0.91324200913242,2.5114155251141552,1.1415525114155252,0.91324200913242,3.8812785388127855,1.5981735159817352,4.794520547945205,438,181,0.4132420091324201,0.15391281313857563,0.11599182623174147,0.14574409041600442,1,438,40.8,99,34.89,99,438,7.76,93.84,69.18,53.42,13.93,10.05,0.23,8.45,0,0.91,0.46,3.88,14.16,8.22,1.83,9.59,12.56,4.79,4.57,1.6,20.55,3.42,4.79,23.52,8.9,10.96,13.01,23.29,2.51,4.11,0.46,0.46,0.23,0.68,0,1.14,0,16.44,13.47,2.97,0.68,0,0.68,0,0,0.68,0,17.35,3.65,0,0.23,0.46,1.14,1.6,13.93,0.23,0,0.68,2.51,0.68,0.68,0,0,1.6,0.46,0,0,0,1.14,2.05,0.23,0.23,0,0,0,0,0,0.46,0,0,0.46,0,0.23,0,10.27,0,0,7.53,9.59,0.23,2.51,6.62,1.14,0.46,0,6.16,4.57,6.62,4.11,3.42,0.68,0.46,2.74,0,20.32,0,9.82,0,0,4.11,6.39,0,0,Biden 2020,1,-8.219999999999999,-1.8299999999999996
You and I,Lady Gaga,pop/rock,thumbs-up,D,Joe Biden,Joe,Biden,2020 Campaign,campaign rally,https://genius.com/lady-gaga-you-and-i-lyrics,2020,Biden 2020,FALSE,484,en,FALSE,you and i,3,60,78,0.47058823529411764,1.411764705882353,0.23529411764705882,0.47058823529411764,1.6470588235294117,0.7058823529411765,0.7058823529411765,0.9411764705882353,1.1764705882352942,2.3529411764705883,424,129,0.30424528301886794,0.1376580027359781,0.097546739626083,0.116249886000912,1,425,4.43,82.07,99,53,425,12.24,94.12,76.71,64.24,30.12,21.65,10.82,0.94,9.65,0.24,0,8.47,12.24,4.24,1.18,13.18,7.29,9.41,8,1.65,14.59,4,3.76,1.88,1.65,0,0,23.53,0.47,13.18,0.24,1.41,1.65,6.59,0,3.76,0,3.06,2.59,0.47,1.18,0.71,0.47,0,0,0.47,0,15.76,2.12,0,0,0,0,0.71,13.41,1.18,0,0.47,1.18,0.47,0,0,0.47,2.82,0.47,0.71,0,0.94,0.71,4.47,0,0,0,0,0.24,0,0.94,0.71,0,0.24,0.47,0,0,0,0,0,0,9.65,14.82,0.24,3.06,10.59,0,0.71,0.47,5.65,3.53,4.94,0,1.41,0.24,0.71,0.47,0,22.82,0,9.41,0,0,7.06,6.35,0,0,Biden 2020,1,9.88,-0.71
Everyday People,Sly and the Family Stone,pop/rock,thumbs-up,D,Joe Biden,Joe,Biden,2020 Campaign,campaign rally,https://genius.com/sly-and-the-family-stone-everyday-people-lyrics,2020,Biden 2020,FALSE,233,en,FALSE,everyday people,3,60,79,0.9478672985781991,0.9478672985781991,1.4218009478672986,0.9478672985781991,1.4218009478672986,1.8957345971563981,0,1.4218009478672986,2.3696682464454977,1.4218009478672986,223,63,0.2825112107623318,0.29246972090573986,0.18338975400586777,0.2284059279319943,1,211,17.45,18.57,59.4,57.27,211,11.37,92.89,78.2,62.09,15.64,10.9,6.16,1.9,2.37,0,0,4.74,18.01,8.06,4.74,9.48,11.85,4.27,9.95,4.74,16.11,11.85,5.69,5.69,3.32,0.95,1.42,20.38,2.37,9.48,1.9,0.47,1.9,0.47,0,5.69,0,5.21,3.79,1.42,0.95,0.47,0.47,0,0.47,0,0,9.48,1.42,0.47,0,0,0.47,0,8.06,1.42,0,0,0,0,0,0,0,1.42,0.47,0,0.47,0.95,0,3.32,0.47,0,0,0,0,0,0,0,0,0,2.84,0,0,0,0,0,0,6.16,8.06,0,0,4.74,2.84,0.47,0,2.84,0,8.53,1.9,4.74,0,1.9,0,2.84,20.38,0,7.58,0,0,4.27,8.53,0,0,Biden 2020,1,4.26,0
You Make My Dreams (Come True),Daryl Hall and John Oates,pop/rock,thumbs-up,D,Joe Biden,Joe,Biden,2020 Campaign,campaign rally,https://genius.com/daryl-hall-and-john-oates-you-make-my-dreams-come-true-lyrics,2020,Biden 2020,FALSE,451,en,FALSE,you make my dreams (come true),3,60,80,0.6211180124223602,0,0.3105590062111801,0.3105590062111801,0.6211180124223602,0.3105590062111801,0.6211180124223602,0.6211180124223602,0.3105590062111801,1.5527950310559007,370,75,0.20270270270270271,0.1971304347826087,0.12784265010351967,0.16234368530020704,1,322,6.41,99,68.71,77.79,161,9.94,88.82,72.36,53.42,31.06,28.57,9.01,0,18.94,0,0.62,2.48,8.07,3.11,0,7.45,6.52,5.59,3.11,0.93,15.53,3.42,0.62,0.31,0.31,0,0,16.77,0.62,9.63,1.55,3.42,1.24,0.31,0,1.24,0,4.35,4.04,0.31,0.62,0.31,0.31,0,0,0,0,21.43,0.93,0,0,0,0,0.93,20.5,0,0,0.93,0,0,0,0,0,0,0,0,0,0,0,0.93,0,0,0,0,0,0,0.31,0,0,0.31,0.62,0,0.31,0,0,0,0,6.21,6.83,0.62,2.8,4.66,0,0.93,0.31,2.8,3.42,1.86,0.62,17.7,0,3.11,3.42,11.18,62.11,0,28.57,0.31,0,7.14,26.09,0,0,Biden 2020,1,9.01,0.93
New Attitude,"Sharon Robinson, Patti LaBelle, John Gilutin, Bunny Hull",pop/rock,thumbs-up,D,Joe Biden,Joe,Biden,2020 Campaign,campaign rally,https://genius.com/patti-labelle-new-attitude-lyrics,2020,Biden 2020,FALSE,409,en,FALSE,new attitude,3,60,81,0.5586592178770949,0.5586592178770949,0.27932960893854747,0.5586592178770949,0.8379888268156425,0.5586592178770949,0.27932960893854747,0.8379888268156425,0.8379888268156425,1.675977653631285,384,108,0.28125,0.19455565901096625,0.12643544382371197,0.15663149182702255,1,358,33.8,1,99,92.54,358,7.82,88.83,66.2,48.32,18.72,16.2,15.92,0,0.28,0,0,2.51,12.29,6.15,0,10.61,10.34,4.75,2.79,2.23,21.23,7.54,1.96,0.84,0,0,0.84,29.05,2.51,12.85,6.42,2.51,0.84,1.12,0.56,1.12,0,8.1,6.7,1.4,3.07,1.96,1.12,0.84,0,0,0,2.51,1.96,0,0,0,0.28,0,0.56,0.28,0,0,0,0,0,0,0,0.84,0,0,0.84,0,0,1.4,0,0,0,0,0,0,0,0,0,0,3.91,0,0,0,0,0,0,8.94,9.5,0.28,1.12,4.75,1.68,0,2.23,6.98,8.66,5.31,0.28,12.57,1.12,0.28,0,11.17,29.89,0,10.34,0,0,8.38,11.17,0,0,Biden 2020,1,15.92,0
We Take Care of Our Own,Bruce Springsteen,pop/rock,thumbs-up,D,Joe Biden,Joe,Biden,2020 Campaign,campaign rally,https://genius.com/bruce-springsteen-we-take-care-of-our-own-lyrics,2020,Biden 2020,FALSE,211,en,FALSE,we take care of our own,3,60,82,0.5025125628140703,1.0050251256281406,0.5025125628140703,0.5025125628140703,1.5075376884422111,1.0050251256281406,0,0.5025125628140703,1.5075376884422111,3.0150753768844223,199,63,0.3165829145728643,0.3606444923027838,0.228770838318577,0.2603413894871181,1,199,54.48,99,42.55,99,24.88,10.05,88.44,71.36,53.77,20.1,14.07,2.01,12.06,0,0,0,6.03,21.61,8.54,0,13.57,6.53,4.52,3.52,2.51,23.12,1.01,0,20.1,12.56,0.5,7.04,7.54,1.51,2.51,0,0,0,0,1.01,1.51,0,9.05,8.54,0.5,0.5,0.5,0,0,0,0,0,21.11,8.54,7.04,0,0,0,0,12.56,0,0,0,0,1.01,1.01,0,0,2.01,0,0.5,0.5,0,1.01,3.02,0,0,0,0,0,0,0,0,0,0,6.03,0,0,0,0,0,0,8.54,16.08,0,4.02,9.05,2.51,0.5,0,0.5,4.02,5.53,1.01,0,0,0,0,0,13.57,0,2.51,3.52,0,7.54,0,0,0,Biden 2020,1,-10.05,0
Keep Going,The Revivalists,pop/rock,thumbs-up,D,Joe Biden,Joe,Biden,2020 Campaign,campaign rally,https://genius.com/the-revivalists-keep-going-lyrics,2020,Biden 2020,FALSE,446,en,FALSE,keep going,3,60,83,0.91324200913242,0.45662100456621,0.684931506849315,1.1415525114155252,0.45662100456621,1.1415525114155252,0.45662100456621,0.684931506849315,1.82648401826484,0.684931506849315,438,146,0.3333333333333333,0.14284887721273534,0.09190592356289486,0.11595202351910928,1,438,14.76,12.6,99,94.67,438,8.9,95.89,84.7,53.65,20.78,14.38,9.59,2.51,1.83,0,0,6.39,12.56,4.34,0.68,9.36,11.87,3.2,3.88,4.34,37.21,5.02,5.94,4.34,2.51,1.14,0.68,30.59,4.57,12.56,5.02,1.37,1.37,2.51,0,2.97,0.23,9.36,7.53,1.83,1.6,0.68,0.91,0.46,0,0,0,10.05,3.42,0,0,0,0.46,1.83,6.62,0,0,0,0.23,0,0,0,0,1.14,0,0.91,0,0,0.23,0.91,0,0,0,0,0,0,0,0.46,2.28,0.46,1.14,0,0,2.74,0,0.23,0,15.3,17.58,0,8.9,7.31,0.68,0,1.14,3.2,8.45,4.11,8.68,4.57,2.51,1.37,0.68,0,10.27,0,2.28,0,0,7.53,0.46,0,0,Biden 2020,1,7.08,-0.23
Call Me,St. Paul and The Broken Bones,pop/rock,thumbs-up,D,Joe Biden,Joe,Biden,2020 Campaign,campaign rally,https://genius.com/st-paul-and-the-broken-bones-call-me-lyrics,2020,Biden 2020,FALSE,214,en,FALSE,call me,3,60,84,0,2.1390374331550803,0,0,2.1390374331550803,0.5347593582887701,1.0695187165775402,1.6042780748663101,0.5347593582887701,2.6737967914438503,191,69,0.3612565445026178,0.32001085018987835,0.26193908393396886,0.2102069286212509,1,187,7.21,78.69,61.9,44.23,187,5.35,97.33,80.21,53.48,38.5,32.09,20.32,1.6,10.16,0,0,6.42,9.63,2.14,1.6,8.02,3.74,1.07,0.53,2.14,27.27,0.53,2.14,3.21,3.21,0,0,17.11,0.53,14.97,1.6,0,11.23,0,0,2.14,0,3.74,2.67,1.07,1.07,0,1.07,0,0,1.07,0,25.67,6.95,2.14,2.14,0,0,3.21,19.79,6.42,1.07,0,0,1.6,0,0,1.6,1.07,0.53,0,0,0.53,0,0.53,0,0,0,0,0,0,0.53,0,11.23,0,5.35,0,0,0,0.53,0,0,13.9,7.49,0,2.14,3.74,0,1.07,0,1.07,0.53,2.67,0.53,1.07,0,0,1.07,0,20.86,0,14.44,0,0,4.28,2.14,0,0,Biden 2020,1,18.72,0
Hey Ya!,OutKast,pop/rock,thumbs-up,D,Joe Biden,Joe,Biden,2020 Campaign,campaign rally,https://genius.com/outkast-hey-ya-lyrics,2020,Biden 2020,FALSE,637,en,FALSE,hey ya!,3,60,85,0.8528784648187633,1.0660980810234542,0.6396588486140725,1.0660980810234542,1.492537313432836,0.6396588486140725,0.42643923240938164,1.279317697228145,1.279317697228145,2.1321961620469083,496,131,0.26411290322580644,0.13635964127020297,0.09636061784859781,0.11754097560181642,1,469,5.8,98.26,25.54,56.87,11.73,6.61,88.27,76.55,54.37,24.09,15.57,3.62,1.71,9.59,0.43,0.21,8.53,9.17,2.13,0.85,7.04,7.46,7.25,4.69,2.99,16.63,3.2,5.12,4.9,3.62,0.43,0.64,23.03,4.9,10.23,2.56,3.2,2.35,0.21,0.21,2.56,0,3.2,2.77,0.43,0.64,0.64,0,0,0,0,0,23.45,9.81,0.21,0.43,0.43,0.43,6.82,13.65,1.28,0,1.07,0.43,0,0,0,0,0.85,0.21,0.21,0,0.21,0.21,1.07,0,0,0,0,0,0.43,0.43,0.21,0,1.71,1.71,0.43,0,0,0,0.43,0,17.48,7.04,0,0.85,3.62,0.85,0.43,1.71,4.05,0.43,8.96,0.85,17.91,13.22,1.07,3.62,0,49.04,0,13.43,1.49,7.04,6.4,20.68,0,0,Biden 2020,1,1.9100000000000001,0.6400000000000001
I'm Coming Out,Diana Ross,r&b,thumbs-up,D,Joe Biden,Joe,Biden,2020 Campaign,campaign rally,https://genius.com/diana-ross-im-coming-out-lyrics,2020,Biden 2020,FALSE,396,en,FALSE,i'm coming out,3,60,86,0.8108108108108109,0.8108108108108109,0,0.5405405405405406,0.5405405405405406,0.2702702702702703,1.0810810810810811,0.5405405405405406,0.5405405405405406,0.8108108108108109,370,135,0.36486486486486486,0.17471271271271271,0.12916316316316315,0.15617217217217216,1,370,40.51,1,99,31.37,370,2.16,99.19,86.22,58.38,25.68,19.19,18.65,0,0.27,0,0.27,6.49,8.11,4.86,0,19.46,12.16,3.78,1.89,0.54,38.92,1.08,1.35,0.54,0,0.54,0,24.05,1.35,11.62,5.68,0.81,4.86,0.27,0.27,0,0,1.35,1.08,0.27,0.81,0.54,0.27,0.27,0,0,0,1.62,1.08,0,0,0,0,0.54,0.54,0,0,0,0,0,0,0,0,0,0,0,0,0,0,0.54,0,0,0,0,0,0,0,0,2.43,4.59,4.59,0,0,0,0,0,0,14.86,25.68,0,7.3,20.27,4.32,0.81,0.27,1.35,1.35,9.73,3.24,1.35,0.81,0,0.54,0,16.22,0,6.49,0,0,9.19,0.54,0,0,Biden 2020,1,18.65,0
Bulletproof,La Roux,pop/rock,thumbs-up,D,Joe Biden,Joe,Biden,2020 Campaign,campaign rally,https://genius.com/la-roux-bulletproof-lyrics,2020,Biden 2020,FALSE,302,en,FALSE,bulletproof,2,60,87,0.7782101167315175,1.556420233463035,0.38910505836575876,1.1673151750972763,1.556420233463035,0.7782101167315175,0.38910505836575876,1.1673151750972763,1.9455252918287937,1.9455252918287937,259,114,0.44015444015444016,0.24466516485766948,0.16192231551641748,0.20129019045668647,1,257,1,12.91,99,43.41,128.5,8.17,90.66,69.26,58.37,27.24,17.12,13.62,0,3.5,0,0,10.12,12.45,0.78,0,10.12,19.07,6.23,2.33,3.5,26.07,4.67,1.95,3.5,0,1.17,2.33,27.24,1.17,3.5,0,0,0.39,1.17,0,1.95,0,3.11,2.33,0.78,2.33,1.95,0.39,0,0,0,0,13.23,3.5,0,0,0,0,1.56,9.73,6.23,0,0,0,0,0,0,0,2.33,1.17,0.78,0,0.39,0,1.56,0,0,0,0,0,0,0,0.39,0,0,0,0,0.39,0,0,1.56,0,11.67,12.06,0.39,4.28,7.39,0.39,0,0.39,10.89,2.72,5.84,5.84,0.39,0,0,0.39,0,29.96,0,15.56,0.39,0,11.67,2.33,0,0,Biden 2020,1,13.62,0
The Edge of Glory,Lady Gaga,pop/rock,thumbs-up,D,Joe Biden,Joe,Biden,2020 Campaign,campaign rally,https://genius.com/lady-gaga-the-edge-of-glory-lyrics,2020,Biden 2020,FALSE,482,en,FALSE,the edge of glory,2,60,88,0.7092198581560284,0.4728132387706856,0.2364066193853428,0.7092198581560284,0.9456264775413712,0.7092198581560284,0.4728132387706856,0.4728132387706856,1.1820330969267139,1.4184397163120568,423,116,0.27423167848699764,0.13727480231515446,0.11826241134751772,0.12369364962908617,1,423,86.7,93.22,99,53.17,84.6,5.2,95.74,71.39,65.25,20.57,18.2,8.27,1.42,8.27,0,0,2.36,16.31,13.95,0,22.22,10.64,2.6,3.55,0.71,13,3.31,0.95,4.02,1.89,2.13,2.13,19.62,0.47,4.73,1.65,0.71,1.18,0.47,0,1.42,0,3.78,2.84,0.71,0.47,0.47,0,0,0,0,0.24,14.42,1.42,0,0,0,0.24,0.24,12.53,1.89,0,0,0.24,0,0,0,0,0.71,0.24,0.24,0,0,0.24,0,0,0,0,0,0,0,0,0,0.24,0,0.47,0,0,0,2.13,0.47,0,4.26,15.84,0,1.89,13.48,0,0,0.95,6.15,0,9.93,0.71,3.31,0.47,2.84,0,0,25.3,0,12.06,0,0.95,11.35,0.95,0,0,Biden 2020,1,6.85,-0.24
Tightrope,Janelle Monae,pop/rock,thumbs-up,D,Cory Booker,Cory,Booker,2020 Campaign,campaign rally,https://genius.com/janelle-monae-tightrope-lyrics,2020,Booker 2020,FALSE,904,en,FALSE,tightrope,2,21,89,1.1795543905635648,0.7863695937090432,0.7863695937090432,1.1795543905635648,0.7863695937090432,1.3106159895150722,0.2621231979030144,0.9174311926605505,2.490170380078637,1.7038007863695936,785,301,0.3834394904458599,0.07582283606850038,0.05315571075880747,0.061513609070681825,1,763,20.03,51.78,95.13,54.86,127.17,9.17,82.7,73.66,52.82,20.97,15.33,6.42,0.92,6.68,0,1.31,5.64,9.96,5.11,0.39,10.22,6.42,4.59,8.52,2.49,15.47,8.91,6.16,1.83,0.92,0.52,0.52,20.05,1.05,11.8,0.79,1.05,1.7,4.46,0.39,8.26,0,5.11,3.54,1.31,0.52,0.13,0.39,0,0.13,0,0.26,13.24,2.23,0,0.66,0.26,0.39,0.66,11.8,1.83,0,0.66,0.26,0.13,0,0,0.13,0.92,0.66,0,0.13,0,0.13,0.66,0.26,0.13,0,0,0,0,0.26,0,1.44,0.13,1.83,0,0,0,0.13,0.26,0,16.25,12.58,0.39,1.18,10.62,1.05,0,0.13,1.7,0.26,5.5,2.1,5.64,2.75,1.83,0.66,0.52,29.88,0,8.65,0.66,0,8.52,12.06,0,0,Booker 2020,0,5.5,0.4
Everyday People,Sly and the Family Stone,pop/rock,thumbs-up,D,Cory Booker,Cory,Booker,2020 Campaign,campaign rally,https://genius.com/sly-and-the-family-stone-everyday-people-lyrics,2020,Booker 2020,FALSE,233,en,FALSE,everyday people,2,21,90,0.9478672985781991,0.9478672985781991,1.4218009478672986,0.9478672985781991,1.4218009478672986,1.8957345971563981,0,1.4218009478672986,2.3696682464454977,1.4218009478672986,223,63,0.2825112107623318,0.29246972090573986,0.18338975400586777,0.2284059279319943,1,211,17.45,18.57,59.4,57.27,211,11.37,92.89,78.2,62.09,15.64,10.9,6.16,1.9,2.37,0,0,4.74,18.01,8.06,4.74,9.48,11.85,4.27,9.95,4.74,16.11,11.85,5.69,5.69,3.32,0.95,1.42,20.38,2.37,9.48,1.9,0.47,1.9,0.47,0,5.69,0,5.21,3.79,1.42,0.95,0.47,0.47,0,0.47,0,0,9.48,1.42,0.47,0,0,0.47,0,8.06,1.42,0,0,0,0,0,0,0,1.42,0.47,0,0.47,0.95,0,3.32,0.47,0,0,0,0,0,0,0,0,0,2.84,0,0,0,0,0,0,6.16,8.06,0,0,4.74,2.84,0.47,0,2.84,0,8.53,1.9,4.74,0,1.9,0,2.84,20.38,0,7.58,0,0,4.27,8.53,0,0,Booker 2020,0,4.26,0
It's Your Thing,The Isley Brothers,pop/rock,thumbs-up,D,Cory Booker,Cory,Booker,2020 Campaign,campaign rally,https://genius.com/the-isley-brothers-its-your-thing-lyrics,2020,Booker 2020,FALSE,307,en,FALSE,it's your thing,2,21,91,1.098901098901099,0.3663003663003663,0.7326007326007326,0.7326007326007326,0.7326007326007326,0.7326007326007326,0.7326007326007326,0.3663003663003663,1.098901098901099,1.098901098901099,273,89,0.326007326007326,0.21490719018808907,0.14782895007614108,0.1641313742437338,1,273,1,99,4.55,24.92,273,1.47,95.6,90.11,80.59,49.82,28.94,9.16,0,15.75,0,0,20.88,8.42,0.37,0,13.19,19.41,2.93,1.1,4.76,27.84,1.1,0.37,1.47,0,0.73,0.73,23.08,0.73,12.45,1.47,0.73,8.42,0.73,0,4.76,0,2.56,1.47,1.1,1.47,1.1,0.37,0,0,0,0,27.11,5.86,0.37,0,0,0,3.66,20.88,0,0,0.73,0.37,0,0,0,0,0.73,0,0,0.37,0,0.37,0,0,0,0,0,0,0,0,0,0.37,4.4,0,0,0,0,0,0.37,0,6.59,0.73,0,0.37,0,0,0.37,0,1.47,0,12.82,3.66,4.4,3.66,0.37,0.37,0,24.18,0,7.33,0,0,10.99,5.86,0,0,Booker 2020,0,9.16,0.36
My Shot (Rise Up Remix),The Roots,hip-hop/rap,thumbs-up,D,Cory Booker,Cory,Booker,2020 Campaign,campaign rally,https://genius.com/the-roots-my-shot-rise-up-remix-lyrics,2020,Booker 2020,FALSE,929,en,FALSE,my shot,2,21,92,1.2835472578763127,1.1668611435239207,0.8168028004667445,1.633605600933489,0.8168028004667445,1.1668611435239207,1.1668611435239207,0.8168028004667445,2.6837806301050176,2.6837806301050176,852,250,0.2934272300469484,0.06011995332555426,0.0610585764294049,0.06100630105017502,1,857,10.78,1.52,99,8.33,214.25,11.79,84.95,73.63,58.34,24.15,20.07,14.47,1.17,3.03,0.35,1.05,4.08,14.59,4.08,1.4,12.72,10.85,3.85,6.42,4.43,19.49,3.97,2.8,3.38,1.98,0.82,0.7,25.79,1.87,9.22,1.63,0.7,1.4,1.75,0,5.13,0.12,5.13,1.75,3.03,1.17,0.23,0.7,0,0.12,0.23,0.12,12.37,4.2,0.23,0.23,0.58,0.12,2.45,7.12,0.58,0,0.35,0.47,0.12,0,0.12,0,0.93,0.23,0,0.35,0.35,0,2.68,0.23,0.12,0.12,0,0,0.23,1.17,0.23,1.75,0.35,1.98,0.93,0,0,0.82,0.47,0.12,7.23,12.14,0.35,2.45,8.4,0.58,0,0.93,3.85,3.03,9.1,0.82,4.67,2.57,0.12,0.23,1.75,24.62,0,8.52,0.23,0.12,14.94,0.82,0,0,Booker 2020,0,13.3,-0.12
Bohemian Rhapsody,Queen,pop/rock,thumbs-up,D,Cory Booker,Cory,Booker,2020 Campaign,campaign rally,https://genius.com/queen-bohemian-rhapsody-lyrics,2020,Booker 2020,FALSE,460,en,FALSE,bohemian rhapsody,1,21,93,1.5957446808510638,1.3297872340425532,1.0638297872340425,1.8617021276595744,0.5319148936170213,2.127659574468085,0.7978723404255319,0.7978723404255319,3.4574468085106385,1.8617021276595744,379,136,0.35883905013192613,0.14383213391739674,0.1144340581977472,0.1269066802252816,1,376,13.05,17.55,98.06,14.42,53.71,10.37,90.96,73.14,52.66,17.29,14.89,8.51,0.8,3.72,1.86,0,2.39,12.5,4.79,0,7.71,7.98,6.91,3.72,7.98,22.87,4.52,2.13,7.18,3.19,0,3.99,27.93,6.65,11.44,0.8,0.8,2.13,2.39,1.86,3.46,0,4.79,2.13,2.66,1.6,0.53,0.8,0.27,0,0.27,0,13.3,1.6,0.27,0.27,0.27,0,0.27,10.9,2.66,0,1.86,3.19,0,0,0,0,0.53,0.27,0,0,0,0.27,3.19,0.27,0.27,0,0,0,0,0,1.06,1.06,0.53,1.06,0,0,0,0,0.27,0.53,15.43,14.1,0.53,7.71,8.78,1.86,0,0.53,4.26,3.19,5.05,3.46,3.99,1.33,0.53,0.8,1.33,26.86,0,14.36,1.6,0,3.72,7.18,0,0,Booker 2020,0,7.71,-1.3299999999999998
High Hopes,Panic! at the Disco,pop/rock,thumbs-up,D,Cory Booker,Cory,Booker,2020 Campaign,campaign rally,https://genius.com/panic-at-the-disco-high-hopes-lyrics,2020,Booker 2020,FALSE,517,en,FALSE,high hopes,1,21,94,0.8771929824561403,0.8771929824561403,0.6578947368421053,1.5350877192982457,0.6578947368421053,0.6578947368421053,0.21929824561403508,0.21929824561403508,1.7543859649122806,1.3157894736842106,462,191,0.4134199134199134,0.1488139524203178,0.10496234040598879,0.12988885827133279,1,456,31.8,7.5,97.26,85.27,456,10.53,94.96,84.21,56.14,10.75,6.36,4.17,0.66,1.1,0,0.44,4.39,15.57,9.21,1.97,10.53,16.01,6.8,4.39,4.61,31.58,12.5,4.39,4.17,1.75,1.54,1.1,35.53,7.02,16.45,3.07,2.19,7.68,5.26,0,4.17,0,7.02,5.7,1.32,5.92,5.48,0.44,0,0.44,0,0,5.92,2.63,0,0,0.88,0,1.32,3.29,1.1,0,1.1,0,0,0,0,0,1.54,0.22,0,0,0.88,0.44,2.63,0,0,0,0,0,0,0,0.88,3.51,6.36,0.22,1.75,0.22,0,0,0,0.22,17.76,20.61,0,1.75,16.67,1.97,0,0.88,6.58,13.82,7.02,6.36,1.32,1.1,0,0.22,0,22.59,0,10.31,0,0,5.26,7.02,0,0,Booker 2020,0,3.51,1.1
Made in the USA,Demi Lovato,pop/rock,thumbs-up,D,Cory Booker,Cory,Booker,2020 Campaign,campaign rally,https://genius.com/demi-lovato-made-in-the-usa-lyrics,2020,Booker 2020,FALSE,382,en,FALSE,made in the usa,1,21,95,0.5509641873278237,0.8264462809917356,0.27548209366391185,0.27548209366391185,0.8264462809917356,0.8264462809917356,0.27548209366391185,0.27548209366391185,1.3774104683195592,2.203856749311295,367,131,0.3569482288828338,0.1667108279183227,0.11156814501713877,0.13733728681681492,1,363,40.19,84.97,96.85,31.61,363,4.13,92.84,75.21,60.33,22.59,16.53,7.16,4.68,4.68,0,0,6.06,19.83,11.02,0,11.85,9.09,4.41,3.03,3.58,18.73,5.51,2.2,5.51,4.68,0.83,0,25.62,4.13,12.67,2.48,5.23,1.65,1.1,0,1.38,0,3.03,1.93,1.1,2.48,1.65,0.83,0,0,0,0,14.33,3.03,0,0.28,0,0,1.1,11.29,0.55,0,0.28,0.28,2.75,2.75,0,0,0,0,0,0,0,0,0.55,0,0,0,0,0,0,0.28,0,0,1.65,0.55,0,0,0,0,0.28,0,13.5,15.15,0,2.48,13.22,0.28,0,0.55,3.31,3.31,3.86,2.2,0.28,0,0,0,0.28,14.88,0,5.23,0,0,7.99,1.65,0,0,Booker 2020,0,2.4800000000000004,0
Soar,Christina Aguilera,pop/rock,thumbs-up,D,Cory Booker,Cory,Booker,2020 Campaign,campaign rally,https://genius.com/christina-aguilera-soar-lyrics,2020,Booker 2020,FALSE,508,en,FALSE,soar,1,21,96,0.4192872117400419,1.2578616352201257,0.4192872117400419,0.6289308176100629,0.6289308176100629,0.6289308176100629,0.4192872117400419,0.4192872117400419,1.8867924528301887,1.4675052410901468,477,172,0.36058700209643607,0.12697333138316025,0.08982375310808834,0.11076373653161718,1,477,7.64,99,80.46,35.04,53,6.92,94.97,77.57,60.38,20.13,15.51,0.21,2.31,8.6,2.73,1.26,4.61,15.3,4.19,0,10.69,14.47,6.08,5.45,4.19,29.98,3.98,3.77,5.03,2.31,0.84,1.89,32.08,5.87,10.27,5.45,1.05,1.68,1.26,0,0.63,0.42,6.5,3.77,2.73,3.98,1.47,2.52,1.26,0,1.26,0,20.34,3.14,0.21,0.21,0,0.21,1.47,15.93,0,0,2.31,0.84,0,0,0,0,0.42,0.21,0.21,0,0,0,1.47,0,0,0,0,0,0,0,0,0.42,0,1.05,0,0.42,0,0.21,0,0.21,13.84,15.09,0.63,1.68,11.11,1.47,0,0.21,8.18,1.05,13.21,3.35,1.68,0.84,0,0.63,0.21,13.21,0,4.4,1.68,0,6.71,0.42,0,0,Booker 2020,0,-2.1,1.4700000000000002
Stand Up,Sugarland,country,thumbs-up,D,Cory Booker,Cory,Booker,2020 Campaign,campaign rally,https://genius.com/sugarland-stand-up-lyrics,2020,Booker 2020,FALSE,115,en,FALSE,stand up,1,21,97,2.7027027027027026,5.405405405405405,0.9009009009009009,6.306306306306307,3.6036036036036037,6.306306306306307,0.9009009009009009,2.7027027027027026,8.108108108108109,4.504504504504505,111,45,0.40540540540540543,0.5127127127127127,0.40182182182182186,0.4466466466466466,1,111,61.78,99,99,5.43,27.75,7.21,95.5,70.27,57.66,13.51,11.71,0,2.7,9.01,0,0,1.8,14.41,9.91,0,15.32,9.01,5.41,6.31,3.6,18.02,3.6,1.8,2.7,2.7,0,0,18.92,1.8,7.21,0.9,2.7,2.7,1.8,0,0.9,0,9.01,3.6,5.41,8.11,2.7,5.41,0,0,4.5,0,16.22,1.8,0,0,0,0,0.9,14.41,0,0,0.9,0.9,0,0,0,0,0,0,0,0,0,0,2.7,1.8,0.9,0.9,0,0,0,0,0,0,0.9,0.9,0,0,0,0,0.9,0,8.11,31.53,0,3.6,25.23,1.8,1.8,1.8,6.31,1.8,5.41,5.41,0,0,0,0,0,9.01,0,0.9,2.7,0,5.41,0,0,0,Booker 2020,0,-2.7,0
Lovely Day,Bill Withers,r&b,thumbs-up,D,Cory Booker,Cory,Booker,2020 Campaign,campaign rally,https://genius.com/bill-withers-lovely-day-lyrics,2020,Booker 2020,FALSE,480,en,FALSE,lovely day,1,21,98,0,0.2777777777777778,0,0,0.5555555555555556,0.5555555555555556,0.2777777777777778,0.2777777777777778,0.2777777777777778,0.8333333333333334,360,245,0.6805555555555556,0.2207108843537415,0.10086281179138322,0.15699773242630385,1,360,76.7,26.5,99,99,360,2.5,98.61,93.61,30.28,8.06,6.11,4.44,0,1.67,0,0,1.94,8.06,5.28,0.83,7.22,2.5,4.17,4.72,0,6.67,30.28,31.39,0,0,0,0,39.72,1.39,5.28,2.5,0,0,1.67,0,1.94,0,30,29.72,0.28,0.83,0.56,0.28,0,0,0,0,3.33,1.11,0,0,0,0,0,2.22,0,0,0,0,0,0,0,0,0,0,0,0,0,0,1.39,0,0,0,0,0,0,0,0,0,0,0,0,0,0,0,0,0,33.89,4.44,1.67,0,1.94,1.94,0,0.56,32.78,0.56,1.39,1.39,0.83,0.83,0,0,0,35.83,0,20,0,0,2.5,13.33,0,0,Booker 2020,0,4.44,0
Love Train,The O'Jays,r&b,thumbs-up,D,Cory Booker,Cory,Booker,2020 Campaign,campaign rally,https://genius.com/the-ojays-love-train-lyrics,2020,Booker 2020,FALSE,448,en,FALSE,love train,1,21,99,0.2898550724637681,1.1594202898550725,0,0.2898550724637681,0.5797101449275363,0,0,0,0.5797101449275363,0.8695652173913043,345,174,0.5043478260869565,0.20274196235215725,0.14194069631850742,0.17088622355488922,1,345,92.06,88.27,89.15,99,172.5,2.03,88.12,60.29,41.74,8.7,4.35,0.29,0.58,3.48,0,0,4.35,16.23,8.7,0,11.88,3.19,1.45,2.32,2.9,19.42,1.45,4.93,6.38,6.09,0,0.29,11.59,5.8,2.9,0.58,0.58,1.16,0.29,0,0.58,0,14.78,14.2,0.58,7.83,7.83,0,0,0,0,0,20,10.14,0.87,0.29,0,0,0.58,9.28,1.45,0,0.29,0.58,0,0,0,0,0,0,0,0,0,0,4.06,0,0,0,0,0,0.58,0,0,0.87,0,0.87,0,0,0,0,0,0,27.25,17.68,0,7.25,13.33,0,0,0.29,4.06,0,2.32,0.29,1.45,0.58,0.87,0,0,33.91,0,5.22,0.29,0,4.06,24.35,0,0,Booker 2020,0,-0.29,-0.29
Survivor,Destiny's Child,r&b,thumbs-up,D,Cory Booker,Cory,Booker,2020 Campaign,campaign rally,https://genius.com/destinys-child-survivor-lyrics,2020,Booker 2020,FALSE,1000,en,FALSE,survivor,1,21,100,0.5594405594405595,1.3986013986013985,0.27972027972027974,0.9790209790209791,1.118881118881119,0.9790209790209791,0.4195804195804196,0.8391608391608392,1.3986013986013985,1.9580419580419581,717,178,0.2482566248256625,0.09059165553547575,0.0712068830046358,0.08595898483538933,1,715,1,1,98.14,68.66,8.83,14.27,92.03,83.64,67.55,36.5,21.26,17.2,0,4.06,0,0,15.24,7.69,3.78,0.28,12.87,19.44,4.62,2.94,4.76,31.33,5.03,0.98,6.99,0.28,5.87,0.84,33.15,0.42,13.43,2.1,1.54,2.1,0.14,0.14,7.55,0,5.59,4.34,1.26,1.26,0.42,0.84,0.28,0.14,0.28,0,5.59,1.12,0.14,0,0.14,0.14,0.42,4.34,0.28,0,0.14,0,0.28,0,0.14,0.14,2.66,0.14,0,1.68,0.42,0.42,0.7,0.14,0,0,0,0,0.14,0,0.14,0,0,0.14,0,0,0,0.28,0,0,9.93,2.1,0,0.42,1.54,0.42,0,0,2.94,0.42,13.01,9.09,11.19,6.85,1.4,1.82,1.12,62.52,0,4.2,11.19,0,21.54,25.59,0,0,Booker 2020,0,17.2,0.14
Feeling Good,"Jennifer Hudson, Michael Buble",r&b,thumbs-up,D,Cory Booker,Cory,Booker,2020 Campaign,campaign rally,https://genius.com/jennifer-hudson-feeling-good-lyrics,2020,Booker 2020,FALSE,211,en,FALSE,feeling good,1,21,101,1.0471204188481675,3.6649214659685865,1.0471204188481675,1.0471204188481675,4.712041884816754,1.0471204188481675,2.6178010471204187,3.6649214659685865,1.0471204188481675,7.329842931937173,191,86,0.450261780104712,0.4140752465603312,0.21565810300742724,0.2987824181176184,1,191,10.67,34.1,99,99,95.5,6.81,92.15,76.96,53.4,25.13,17.8,12.04,0,5.76,0,0,7.33,11.52,9.42,0,5.76,12.04,5.76,4.71,0.52,23.56,8.38,4.19,0,0,0,0,44.5,0.52,20.42,20.42,4.71,0,0,0,0,0,12.04,12.04,0,4.19,4.19,0,0,0,0,0,6.81,0,0,0,0,0,0,5.76,0,0,0,0,0,0,0,0,0.52,0.52,0,0,0,0,1.05,0,0,0,0,0,0,0.52,0,0,0,0,0,0,0,0,0,0,22.51,14.66,0,1.05,4.71,0.52,0,8.38,12.04,0.52,15.71,0,0,0,0,0,0,19.9,0,9.95,0.52,0,9.42,0,0,0,Booker 2020,0,12.04,0
Love on Top,Beyonce,r&b,thumbs-up,D,Cory Booker,Cory,Booker,2020 Campaign,campaign rally,https://genius.com/beyonce-love-on-top-lyrics,2020,Booker 2020,FALSE,759,en,FALSE,love on top,1,21,102,0,1.3029315960912051,0.3257328990228013,0,1.3029315960912051,0,0.48859934853420195,1.1400651465798046,0.3257328990228013,1.791530944625407,633,240,0.3791469194312796,0.11189264386536374,0.06712812160694898,0.07917752442996744,1,614,8.28,99,95.58,90.85,307,5.21,95.28,73.78,55.37,30.46,23.78,10.91,0.16,12.38,0,0.33,6.68,15.96,6.51,1.14,7.49,9.28,5.7,3.26,0.16,20.36,6.51,3.09,0.65,0.33,0.33,0,35.02,14.01,6.35,0.65,0.98,3.75,0,0.33,0.81,0,6.35,5.7,0.65,5.21,4.89,0.33,0,0,0,0,24.43,6.84,0,0,0.33,0,1.14,17.59,3.91,0,0,0.16,0,0,0,0,0.98,0.16,0.16,0.33,0.33,0,1.95,0,0,0,0,0.16,0,0.49,0,2.77,0,0.33,0,0,0,0,0,0,14.82,14.01,0,4.07,7.82,1.63,0.65,0.81,7,0.16,10.91,0.33,3.26,0.33,0,0.81,2.12,36.32,0,13.03,0.16,0,9.61,13.52,0,0,Booker 2020,0,10.75,-0.16
(Your Love Keeps Lifting Me) Higher and Higher,Jackie Wilson,r&b,thumbs-up,D,Cory Booker,Cory,Booker,2020 Campaign,campaign rally,https://genius.com/jackie-wilson-your-love-keeps-lifting-me-higher-and-higher-lyrics,2020,Booker 2020,FALSE,379,en,FALSE,(your love keeps lifting me) higher and higher,1,21,103,0,0.6557377049180327,0.6557377049180327,0,1.639344262295082,0.6557377049180327,0.32786885245901637,0.9836065573770492,0.6557377049180327,1.9672131147540983,308,107,0.3474025974025974,0.2652152596905163,0.15352229201777234,0.2077003217404627,1,305,6.65,32.68,99,99,305,3.28,87.21,74.1,45.57,24.59,22.95,15.74,0,6.56,0.66,0,1.64,7.54,0.33,0.33,5.9,2.95,5.57,9.18,0.33,16.07,15.74,0.33,0.66,0.66,0,0,15.08,1.31,2.62,0.98,0.33,0.66,0,0,0.66,0,16.72,15.74,0.66,8.52,7.54,0.66,0,0,0.66,0,17.7,8.85,0,0,0,0,1.64,8.85,0.33,0.33,0.98,0.66,0,0,0,0,0,0,0,0,0,0,1.31,0,0,0,0,0,0,0.33,0,0,0.33,0,0,0.33,0,0,0,0,13.11,20,0.33,2.3,18.36,0.33,0.33,0,4.26,4.26,6.89,0.98,1.64,0,1.31,0.33,0,38.69,0,3.93,0,0,13.44,21.31,0,0,Booker 2020,0,15.74,0.31999999999999995
High Hopes,Panic! at the Disco,pop/rock,thumbs-up,D,Pete Buttigieg,Pete,Buttigieg,2020 Campaign,campaign rally,https://genius.com/panic-at-the-disco-high-hopes-lyrics,2020,Buttigieg 2020,FALSE,517,en,FALSE,high hopes,5,14,104,0.8771929824561403,0.8771929824561403,0.6578947368421053,1.5350877192982457,0.6578947368421053,0.6578947368421053,0.21929824561403508,0.21929824561403508,1.7543859649122806,1.3157894736842106,462,191,0.4134199134199134,0.1488139524203178,0.10496234040598879,0.12988885827133279,1,456,31.8,7.5,97.26,85.27,456,10.53,94.96,84.21,56.14,10.75,6.36,4.17,0.66,1.1,0,0.44,4.39,15.57,9.21,1.97,10.53,16.01,6.8,4.39,4.61,31.58,12.5,4.39,4.17,1.75,1.54,1.1,35.53,7.02,16.45,3.07,2.19,7.68,5.26,0,4.17,0,7.02,5.7,1.32,5.92,5.48,0.44,0,0.44,0,0,5.92,2.63,0,0,0.88,0,1.32,3.29,1.1,0,1.1,0,0,0,0,0,1.54,0.22,0,0,0.88,0.44,2.63,0,0,0,0,0,0,0,0.88,3.51,6.36,0.22,1.75,0.22,0,0,0,0.22,17.76,20.61,0,1.75,16.67,1.97,0,0.88,6.58,13.82,7.02,6.36,1.32,1.1,0,0.22,0,22.59,0,10.31,0,0,5.26,7.02,0,0,Buttigieg 2020,0,3.51,1.1
Up Around the Bend,Creedence Clearwater Revival,pop/rock,thumbs-up,D,Pete Buttigieg,Pete,Buttigieg,2020 Campaign,campaign rally,https://genius.com/creedence-clearwater-revival-up-around-the-bend-lyrics,2020,Buttigieg 2020,FALSE,209,en,FALSE,up around the bend,2,14,105,0.5434782608695652,2.717391304347826,0.5434782608695652,0,1.6304347826086956,0.5434782608695652,2.717391304347826,1.6304347826086956,0.5434782608695652,2.717391304347826,188,59,0.31382978723404253,0.3336864406779661,0.20970891672807665,0.27651068533529843,1,184,96.31,79.18,99,71.41,30.67,3.8,75,60.87,47.28,7.61,7.07,2.17,2.72,2.17,0,0,0.54,14.67,13.04,0,18.48,7.07,5.43,4.35,0,15.76,2.17,1.63,3.26,2.72,0.54,0,12.5,1.09,2.72,0.54,0,1.09,0.54,0,0.54,0,3.26,3.26,0,1.63,1.63,0,0,0,0,0,7.61,2.72,0,0,0,0,1.09,4.89,0,0,0,0,0,0,0,0,0.54,0.54,0,0,0,0,1.09,0,0,0,0,0,0,0,0,0,0,1.09,0,0,0,0,0,0,11.96,23.37,0,9.24,16.85,0.54,1.09,0,5.43,0,6.52,1.63,3.8,0,1.63,0.54,1.63,28.8,0,10.87,0,2.72,13.04,2.17,0,0,Buttigieg 2020,0,-0.5500000000000003,0
It's Your Thing,The Isley Brothers,pop/rock,thumbs-up,D,Pete Buttigieg,Pete,Buttigieg,2020 Campaign,campaign rally,https://genius.com/the-isley-brothers-its-your-thing-lyrics,2020,Buttigieg 2020,FALSE,307,en,FALSE,it's your thing,2,14,106,1.098901098901099,0.3663003663003663,0.7326007326007326,0.7326007326007326,0.7326007326007326,0.7326007326007326,0.7326007326007326,0.3663003663003663,1.098901098901099,1.098901098901099,273,89,0.326007326007326,0.21490719018808907,0.14782895007614108,0.1641313742437338,1,273,1,99,4.55,24.92,273,1.47,95.6,90.11,80.59,49.82,28.94,9.16,0,15.75,0,0,20.88,8.42,0.37,0,13.19,19.41,2.93,1.1,4.76,27.84,1.1,0.37,1.47,0,0.73,0.73,23.08,0.73,12.45,1.47,0.73,8.42,0.73,0,4.76,0,2.56,1.47,1.1,1.47,1.1,0.37,0,0,0,0,27.11,5.86,0.37,0,0,0,3.66,20.88,0,0,0.73,0.37,0,0,0,0,0.73,0,0,0.37,0,0.37,0,0,0,0,0,0,0,0,0,0.37,4.4,0,0,0,0,0,0.37,0,6.59,0.73,0,0.37,0,0,0.37,0,1.47,0,12.82,3.66,4.4,3.66,0.37,0.37,0,24.18,0,7.33,0,0,10.99,5.86,0,0,Buttigieg 2020,0,9.16,0.36
Freedom! '90,George Michael,pop/rock,thumbs-up,D,Pete Buttigieg,Pete,Buttigieg,2020 Campaign,campaign rally,https://genius.com/george-michael-freedom-90-lyrics,2020,Buttigieg 2020,FALSE,839,en,FALSE,freedom! '90,2,14,107,0.5420054200542005,1.2195121951219512,0.5420054200542005,0.5420054200542005,1.4905149051490514,0.5420054200542005,0.8130081300813008,1.084010840108401,1.084010840108401,1.7615176151761518,739,251,0.33964817320703655,0.09292531769939213,0.058879927444692774,0.07234044850408664,1,738,10.75,60.22,82.67,95.75,28.38,7.18,97.43,79.4,60.3,25.07,17.07,8.4,1.36,6.78,0,0.54,7.99,11.38,5.42,0,11.11,11.65,5.42,3.79,3.52,26.15,2.71,2.57,4.61,2.44,0.54,1.63,26.96,2.44,11.65,2.44,1.49,1.49,2.3,0.81,2.98,0.14,7.59,6.64,0.68,1.49,1.49,0,0,0,0,0.27,14.09,3.66,0.41,0.41,0,0,0.41,10.43,0,0.27,0.14,0.95,0.27,0,0,0.27,2.57,1.36,0.14,0,0.14,0.95,1.9,0.14,0,0,0,0,0,0.41,0,2.17,0.68,5.42,0.14,0.14,0,0.27,0.14,0,11.65,9.49,0.14,0.95,6.64,1.08,0.54,0.14,3.39,2.98,9.08,3.52,2.85,0.68,1.49,0.68,0,20.05,0,3.25,0,3.39,6.23,7.18,0,0,Buttigieg 2020,0,7.04,-0.8099999999999999
Feel It Still,Portugal. The Man,pop/rock,thumbs-up,D,Pete Buttigieg,Pete,Buttigieg,2020 Campaign,campaign rally,https://genius.com/portugal-the-man-feel-it-still-lyrics,2020,Buttigieg 2020,FALSE,377,en,FALSE,feel it still,1,14,108,1.1730205278592376,1.7595307917888563,0.2932551319648094,1.7595307917888563,1.1730205278592376,1.1730205278592376,0.8797653958944281,1.1730205278592376,3.225806451612903,1.1730205278592376,341,100,0.2932551319648094,0.1705043988269795,0.14214369501466276,0.1424868035190616,1,341,13.54,7.45,99,20.23,37.89,3.52,96.77,80.94,63.34,19.94,11.73,9.38,0.59,1.17,0,0.59,8.21,8.5,5.57,1.76,13.78,14.08,11.14,4.69,0.59,27.27,1.17,0.88,3.81,0.88,0,2.93,28.15,0,11.44,3.52,0.88,1.47,2.93,0,3.52,0,8.8,4.4,4.4,3.23,3.23,0,0,0,0,0,5.87,2.35,0,0.29,0.59,0,0.29,3.81,0.59,0,0.59,0,0,0,0,0,0,0,0,0,0,0,1.47,0,0,0,0,0,0,0.29,0,0.29,0.29,0.29,0,0.59,0,0,0,0,15.84,17.89,0,7.62,9.97,0,0,3.23,8.5,2.93,19.06,2.64,6.45,0.59,2.93,0.29,2.64,16.72,0,7.04,2.35,0,6.16,1.17,0,0,Buttigieg 2020,0,8.790000000000001,0.59
Tweezer (Reprise),Phish,pop/rock,thumbs-up,D,Pete Buttigieg,Pete,Buttigieg,2020 Campaign,campaign rally,https://genius.com/phish-tweezer-reprise-lyrics,2020,Buttigieg 2020,FALSE,41,en,FALSE,tweezer (reprise),1,14,109,0,0,0,0,0,0,0,0,0,0,36,14,0.3888888888888889,1.2875,1.0097222222222224,1.0472222222222223,1,36,95.3,92.24,99,NA,7.2,19.44,80.56,61.11,61.11,11.11,11.11,0,0,11.11,0,0,0,19.44,19.44,0,19.44,11.11,0,0,11.11,11.11,0,0,0,0,0,0,11.11,0,0,0,0,0,0,0,0,0,0,0,0,0,0,0,0,0,0,0,11.11,0,0,0,0,0,0,11.11,0,0,0,0,0,0,0,0,0,0,0,0,0,0,0,0,0,0,0,0,0,0,0,0,0,0,0,0,0,0,0,0,0,38.89,0,19.44,19.44,0,0,0,0,0,0,11.11,0,0,0,0,0,25,0,2.78,11.11,0,11.11,0,0,0,Buttigieg 2020,0,0,0
Cut to the Feeling,Carly Rae Jepsen,pop/rock,thumbs-up,D,Pete Buttigieg,Pete,Buttigieg,2020 Campaign,campaign rally,https://genius.com/carly-rae-jepsen-cut-to-the-feeling-lyrics,2020,Buttigieg 2020,FALSE,531,en,FALSE,cut to the feeling,1,14,110,0.22271714922049,0.6681514476614699,0.22271714922049,0.22271714922049,0.6681514476614699,0.44543429844098,0.44543429844098,0.89086859688196,0.6681514476614699,1.1135857461024499,461,135,0.2928416485900217,0.14427616926503342,0.10260991503753197,0.10044708405510187,1,449,90.7,12.36,47.8,58.59,224.5,9.58,88.86,75.5,57.68,19.6,17.59,13.36,0.67,3.56,0,0,2,15.37,10.02,0,17.82,2.45,2,2,0.89,9.8,1.56,3.79,1.56,1.11,0,0.45,21.83,4.01,14.25,4.23,0.89,8.24,0.67,0.45,0.67,0,2.9,2.45,0,1.56,1.11,0,0,0,0,0,7.8,2.45,0,0,0,0,1.11,4.68,0.45,0,0,0,0,0,0,0,2.9,2.23,0,0,0,0.67,0.89,0,0,0,0,0,0,0,0,0,8.02,3.34,0,0.22,0,0,0.22,0,7.8,10.91,0,1.78,5.12,0.45,0,4.01,0.89,2.23,1.56,6.68,16.7,7.57,5.35,3.79,0,22.49,0,10.69,0.22,0,1.11,10.47,0,0,Buttigieg 2020,0,12.69,0
Got No Choice,Brooke Eden,country,thumbs-up,D,Pete Buttigieg,Pete,Buttigieg,2020 Campaign,campaign rally,https://genius.com/brooke-eden-got-no-choice-lyrics,2020,Buttigieg 2020,FALSE,412,en,FALSE,got no choice,1,14,111,0,0.5333333333333333,0,0.26666666666666666,0.8,0.5333333333333333,0.26666666666666666,0.5333333333333333,1.3333333333333333,1.6,375,102,0.272,0.19052287581699348,0.12236601307189542,0.15036339869281046,1,375,4.52,2.9,97.61,99,125,2.4,96,71.2,61.87,21.33,19.73,9.6,0.53,9.6,0,0,1.6,12.27,2.13,0.53,12.53,9.07,3.47,6.4,13.33,16,2.13,1.33,2.4,1.6,0,0.53,33.6,9.6,20.8,6.67,1.33,2.13,0.53,0,11.2,0,8.53,8.53,0,6.93,6.93,0,0,0,0,0,21.6,8.27,0.27,0.27,0,0,1.07,13.07,0.53,0,0.53,0.27,0,0,0,0,1.07,0.27,0.53,0,0,0.27,2.13,0.27,0,0,0,0.53,0,0.53,0,0,0.27,5.6,0,0,0,0,0,0,14.93,4.27,0,0,2.93,0.27,0.53,0.27,0.8,2.4,6.13,0.27,2.13,0.27,0,0,1.87,18.67,0,6.93,0.53,0,8,3.2,0,0,Buttigieg 2020,0,9.07,0.26
American Dreamin,Brooke Eden,country,thumbs-up,D,Pete Buttigieg,Pete,Buttigieg,2020 Campaign,campaign rally,https://genius.com/brooke-eden-american-dreamin-lyrics,2020,Buttigieg 2020,FALSE,388,en,FALSE,american dreamin,1,14,112,0.6060606060606061,1.5151515151515151,0.30303030303030304,0.9090909090909091,0.9090909090909091,0.9090909090909091,0.30303030303030304,1.2121212121212122,1.2121212121212122,1.5151515151515151,330,63,0.19090909090909092,0.1900721500721501,0.1415151515151515,0.16137566137566137,1,330,14.34,92.45,69.36,67.94,82.5,13.33,87.58,72.73,45.76,19.39,13.94,4.55,3.33,3.94,0.3,0.91,5.76,7.88,2.42,0,8.79,9.09,6.36,4.85,1.82,16.36,4.55,2.42,6.36,4.85,0.61,0.91,23.64,2.73,10.91,2.42,0.3,1.82,2.42,0,4.24,0,5.15,3.94,0.91,1.82,1.21,0.3,0.3,0,0,0,17.88,3.94,0,0,0,1.21,1.82,14.55,1.21,0,2.12,0.61,2.73,0,2.73,0,0.61,0,0.3,0,0,0.3,2.42,0.91,0.91,0,0,0,0,0.3,0,0.61,0.3,0,0,0,0,0,0,0,8.79,11.82,0,2.12,7.88,1.21,0,1.52,1.82,1.52,8.48,1.21,18.79,5.15,13.33,0.3,0,37.88,0.61,16.67,0.3,0,20.3,0,0,0,Buttigieg 2020,0,1.2199999999999998,1.5100000000000002
Move On Up,Curtis Mayfield,r&b,thumbs-up,D,Pete Buttigieg,Pete,Buttigieg,2020 Campaign,campaign rally,https://genius.com/curtis-mayfield-move-on-up-lyrics,2020,Buttigieg 2020,FALSE,177,en,FALSE,move on up,1,14,113,0,2.9239766081871346,0,1.1695906432748537,3.508771929824561,1.1695906432748537,1.7543859649122806,2.3391812865497075,2.9239766081871346,5.847953216374269,172,65,0.3779069767441861,0.37582546108861903,0.2630409356725146,0.2966531713900135,1,171,48.79,98.27,97.18,46.76,171,5.85,95.32,81.87,63.74,11.11,9.94,0,0,9.94,0,0,1.17,8.77,3.51,0.58,22.22,8.77,10.53,9.36,2.92,23.39,5.26,2.34,1.75,0,0.58,1.17,21.64,0.58,14.62,4.68,0,1.75,2.92,0.58,5.26,0.58,4.09,2.92,1.17,1.17,0,1.17,0,0,1.17,0,17.54,4.68,2.34,0,0,0,2.34,14.04,1.17,0,0,0,0,0,0,0,1.17,0,0,0.58,0,0.58,0.58,0,0,0,0,0,0,0,0,0,0,1.17,0,0,0,0,0,0,12.28,19.88,0,7.02,9.94,0,1.17,0.58,3.51,0.58,5.26,3.51,0.58,0,0,0.58,0,7.6,0,3.51,0,0,3.51,0.58,0,0,Buttigieg 2020,0,0,0
This Land Is Your Land,Woody Guthrie,r&b,thumbs-up,D,Pete Buttigieg,Pete,Buttigieg,2020 Campaign,campaign rally,https://genius.com/woody-guthrie-this-land-is-your-land-lyrics,2020,Buttigieg 2020,FALSE,291,en,FALSE,this land is your land,1,14,114,0.7142857142857143,1.0714285714285714,0,0.35714285714285715,1.7857142857142858,0.35714285714285715,0.35714285714285715,0.7142857142857143,0.7142857142857143,2.857142857142857,279,75,0.26881720430107525,0.21810952380952378,0.13195714285714286,0.17477619047619047,1,280,45.02,19.97,93.4,35.41,70,11.43,81.07,69.29,59.64,18.93,12.5,8.57,0,3.57,0.36,0,6.43,19.64,9.29,0,12.14,7.86,1.79,9.64,1.43,16.07,2.14,1.07,0,0,0,0,15.36,1.07,4.64,0,2.86,0,0.36,0,1.79,0,1.07,1.07,0,0,0,0,0,0,0,0,5.36,0.71,0,0,0,0,0.71,4.29,0,0,0.36,0,0,0,0,0,1.07,0.71,0,0.36,0,0,0.71,0,0,0,0,0,0,0.71,0,0,0,0,0,0,0,0,0,0,2.5,16.79,0,3.93,10.36,3.21,0.36,0,2.14,10.71,3.21,0,0,0,0,0,0,14.29,1.43,1.07,0,0.71,2.14,8.93,0,0,Buttigieg 2020,0,8.57,0.36
American Pie,Shea Diamond,r&b,thumbs-up,D,Pete Buttigieg,Pete,Buttigieg,2020 Campaign,campaign rally,https://genius.com/shea-diamond-american-pie-lyrics,2020,Buttigieg 2020,FALSE,338,en,FALSE,american pie,1,14,115,0.9584664536741214,0.6389776357827476,0.9584664536741214,0.9584664536741214,1.597444089456869,0.6389776357827476,1.597444089456869,1.2779552715654952,1.597444089456869,2.5559105431309903,313,106,0.33865814696485624,0.20887334981011513,0.14305262523358853,0.15075049731749957,1,313,9.49,4.07,52.98,33.63,34.78,7.35,93.61,81.79,57.83,26.52,18.21,12.14,0.32,3.83,0,0.64,8.31,20.77,7.99,0,8.63,11.82,5.43,1.92,4.79,26.84,2.88,5.75,0.96,0.32,0.32,0.32,28.43,1.28,13.1,1.92,0,7.67,0.96,0,3.83,0,4.15,2.56,1.6,1.6,1.28,0.32,0,0,0,0,11.5,3.83,0,0,0,0.32,2.56,6.71,0.64,0,0,0,1.92,0,1.92,0,1.6,0,0.96,0,0.64,0,3.51,0,0,0,0,0,0,1.92,0,1.92,4.47,2.88,0,0,0,0,0.32,0,9.9,6.07,0,1.28,4.15,0.96,0,0.32,2.88,0.96,10.86,1.92,2.88,1.6,0.32,0,0.96,15.34,0,5.43,2.56,0,7.35,0,0,0,Buttigieg 2020,0,11.82,0
Don't Rain on My Parade,Barbra Streisand,stage & screen,thumbs-up,D,Pete Buttigieg,Pete,Buttigieg,2020 Campaign,campaign rally,https://genius.com/barbra-streisand-dont-rain-on-my-parade-lyrics,2020,Buttigieg 2020,FALSE,299,en,FALSE,don't rain on my parade,1,14,116,0.7220216606498195,1.0830324909747293,0.36101083032490977,1.444043321299639,1.0830324909747293,0.7220216606498195,1.444043321299639,0.7220216606498195,2.1660649819494586,1.8050541516245486,277,109,0.3935018050541516,0.21611300632596958,0.16326963203391517,0.18130361342032922,1,277,14.21,1,98.35,35.6,69.25,3.61,81.23,70.4,56.68,21.3,17.33,14.8,0,2.17,0,0,3.97,14.44,5.42,2.53,11.19,10.47,4.69,5.78,5.05,22.02,2.89,3.61,3.25,0,0.72,2.53,24.55,1.08,11.19,1.44,2.17,1.08,2.89,1.44,5.05,0,3.25,2.17,1.08,0.72,0.72,0,0,0,0,0,9.75,6.5,0,2.53,0,0.72,1.44,5.42,0,0,0,2.53,0,0,0,0,0,0,0,0,0,0,3.25,0,0,0,0,0,0,0.72,0.36,1.81,0.36,1.81,0,0,0,0,0,0,10.83,9.75,0,3.25,4.33,1.44,1.08,0,2.17,2.17,6.5,4.33,3.25,2.89,0,0,0.36,19.13,0.36,6.86,0.72,0,9.75,1.44,0,0,Buttigieg 2020,0,14.8,-2.53
Come Alive,Years and Years and Jess Glynne,stage & screen,thumbs-up,D,Pete Buttigieg,Pete,Buttigieg,2020 Campaign,campaign rally,https://genius.com/Years-and-years-and-jess-glynne-come-alive-lyrics,2020,Buttigieg 2020,FALSE,543,en,FALSE,come alive,1,14,117,0.1996007984031936,0.5988023952095808,0.1996007984031936,0.3992015968063872,0.7984031936127745,0.3992015968063872,0.7984031936127745,0.5988023952095808,0.7984031936127745,1.596806387225549,501,211,0.42115768463073855,0.12340153815591566,0.08008059709963959,0.10052028644133533,1,501,17.39,99,99,20.23,501,8.38,92.81,77.64,53.89,19.36,15.17,0.4,0.4,13.97,0,0,4.19,14.97,5.99,0.6,10.98,10.38,5.79,7.58,2.79,24.55,11.38,5.99,0.4,0.4,0,0,21.56,2.99,9.78,1.8,2.4,2.59,0.6,0.2,2.99,0,2,1,1,0.4,0,0.4,0.4,0,0,0,16.17,0.8,0,0,0,0.4,0.2,15.37,0,0,0,0.2,0,0,0,0,1,1,0,0,0,0,6.79,2.2,0,0,0,0,0,0,0.4,0.2,0,0.4,0,0,0,0,0.2,0.4,14.77,27.54,0.4,6.99,19.96,5.99,0.2,0,3.79,1,7.98,0.4,1,0,0.4,0.6,0,17.37,0,5.19,0,0,8.98,3.19,0,0,Buttigieg 2020,0,0,-0.2
Work That,Mary J. Blige,r&b,thumbs-up,D,Kamala Harris,Kamala,Harris,2020 Campaign,campaign rally,https://genius.com/mary-j-blige-work-that-lyrics,2020,Harris 2020,FALSE,749,en,FALSE,work that,9,40,118,0.6259780907668232,1.7214397496087637,0.6259780907668232,1.2519561815336464,1.408450704225352,0.9389671361502347,0.1564945226917058,0.9389671361502347,1.2519561815336464,1.7214397496087637,639,235,0.3677621283255086,0.09771850963939666,0.07577930942629774,0.08949755269203877,1,639,1,97.34,27.75,48.88,159.75,4.69,98.12,78.25,58.37,33.65,19.25,6.1,0,10.49,0.16,2.03,14.4,11.74,1.41,0,8.14,12.83,3.91,2.03,4.69,26.13,3.76,1.25,10.8,0.16,10.49,0.31,16.28,0.94,6.73,0.94,1.41,1.72,0.63,0,1.41,0,5.32,3.6,1.72,3.13,1.72,1.41,0.63,0.63,0,0,19.09,2.35,0.16,0,0.16,0,1.1,16.28,0.16,0,2.66,0.31,0,0,0,0,10.95,0.16,0,10.64,0,0.16,1.56,0.16,0,0,0,0,0,0,0,0.16,1.1,3.91,0,0,0,0,0,0,21.91,8.29,0.16,1.1,6.1,0.94,0.16,0.16,1.1,1.41,7.51,2.97,5.95,2.35,3.6,0,0,26.76,0.47,10.49,0.31,0,9.55,5.95,0,1,Harris 2020,0,6.1,2.35
ABC,The Jackson 5,pop/rock,thumbs-up,D,Kamala Harris,Kamala,Harris,2020 Campaign,campaign rally,https://genius.com/the-jackson-5-abc-lyrics,2020,Harris 2020,FALSE,563,en,FALSE,abc,3,40,119,0.22935779816513763,0.45871559633027525,0.22935779816513763,0,1.146788990825688,0.22935779816513763,0.45871559633027525,1.146788990825688,0,1.834862385321101,451,146,0.3237250554323725,0.1630168405177831,0.09059161744376021,0.11286760085459345,1,436,43.92,86.34,49.99,99,39.64,3.21,88.07,70.41,53.21,17.89,10.32,4.36,0,5.96,0,0,7.57,12.39,6.88,7.34,13.99,10.09,5.73,4.36,1.38,19.95,5.05,5.96,0,0,0,0,17.89,2.29,6.42,3.21,2.75,1.38,0.46,0,1.38,0,8.72,8.72,0,2.52,2.52,0,0,0,0,0,14.68,4.59,0,0,0,0,0.23,10.09,2.52,0,1.61,0,0,0,0,0,4.13,2.29,0,1.83,0,0,0,0,0,0,0,0,0,0,0,0.46,0,0.69,0,0.23,0,0,0,0,13.99,10.55,0.23,2.29,5.28,1.38,3.67,0,2.98,0.46,8.49,1.61,4.13,2.29,0.46,1.15,0.46,40.37,0.69,23.62,0,2.29,5.5,8.26,0,1,Harris 2020,0,4.36,1.61
My Shot,Lin Manuel-Miranda,stage & screen,thumbs-up,D,Kamala Harris,Kamala,Harris,2020 Campaign,campaign rally,https://genius.com/lin-manuel-miranda-my-shot-lyrics,2020,Harris 2020,FALSE,1210,en,FALSE,my shot,3,40,120,1.3673655423883317,1.3673655423883317,0.3646308113035551,1.5496809480401095,1.1850501367365542,1.5496809480401095,1.1850501367365542,1.6408386508659982,2.187784867821331,3.372835004557885,1105,352,0.318552036199095,0.05005205312007956,0.046679736057014996,0.05039855597911659,1,1097,26.39,10.27,99,28.77,57.74,13.76,86.05,72.65,56.88,20.51,16.68,11.21,2.64,2.19,0.46,0.18,3.83,14.59,6.02,0.55,13.4,11.49,4.01,5.29,3.01,19.78,4.28,2.46,5.01,3.37,0.55,1.19,23.97,1.37,8.39,1.37,0.73,0.55,1.19,0.46,4.47,0.09,4.1,2.19,1.55,1.09,0.64,0.27,0.09,0.09,0.09,0.18,11.21,3.19,0.09,0.18,0.46,0.18,1.91,7.29,0.82,0.09,0.27,0.91,0.91,0.91,0,0,0.82,0.09,0,0.46,0.27,0.09,2.1,0.09,0.09,0,0,0,0,0.64,0.36,1.09,0,2.1,0.82,0.09,0,0.18,0.09,0.09,7.84,12.58,0.18,3.46,7.84,0.73,0.55,0.55,4.74,1.37,8.3,2.55,4.92,2.73,0.36,0.18,1.64,21.42,0,6.93,1.64,0,10.21,2.64,0,1,Harris 2020,0,8.57,-0.64
Groove Me,King Floyd,pop/rock,thumbs-up,D,Kamala Harris,Kamala,Harris,2020 Campaign,campaign rally,https://genius.com/king-floyd-groove-me-lyrics,2020,Harris 2020,FALSE,356,en,FALSE,groove me,2,40,121,0,1.3888888888888888,0,0.3472222222222222,2.7777777777777777,0,1.0416666666666667,2.0833333333333335,0,3.8194444444444446,290,110,0.3793103448275862,0.23928661616161614,0.13859217171717172,0.17653093434343436,1,288,24.42,64.67,98.98,93.93,18,3.47,92.01,77.43,51.04,22.92,19.1,12.85,1.04,5.21,0,0,3.82,4.51,0.69,0,14.24,4.86,4.86,5.21,2.78,18.4,3.82,2.08,3.47,3.13,0.35,0,16.32,1.39,8.33,1.39,1.04,3.47,0.69,0,1.39,0,5.56,5.56,0,2.43,2.43,0,0,0,0,0,19.1,3.82,0.35,0,0,0,2.78,14.93,5.21,1.39,2.78,0.35,0,0,0,0,1.04,0,0.35,0.35,0,0.35,2.43,0,0,0,0,0,0,1.74,0,1.39,0.69,0.35,0,0.69,0,0,0,0,20.14,13.19,0.35,5.9,10.07,0.35,0,1.04,2.78,1.74,6.6,0.35,9.72,5.21,1.04,5.21,0.35,28.13,0,18.06,0,5.56,3.82,0.69,0,1,Harris 2020,0,11.809999999999999,2.4299999999999997
Smooth Sailin',Leon Bridges,pop/rock,thumbs-up,D,Kamala Harris,Kamala,Harris,2020 Campaign,campaign rally,https://genius.com/leon-bridges-smooth-sailin-lyrics,2020,Harris 2020,FALSE,296,en,FALSE,smooth sailin',2,40,122,0.38910505836575876,3.11284046692607,0.38910505836575876,0.7782101167315175,2.3346303501945527,0.7782101167315175,1.1673151750972763,1.9455252918287937,0.38910505836575876,3.501945525291829,256,128,0.5,0.23975255350194552,0.1332776021400778,0.1652054961089494,1,257,31.39,95.9,95.09,99,85.67,4.67,93.77,74.71,55.64,25.29,24.9,11.28,0,10.89,2.72,0,0.39,14.79,7.78,0,12.06,10.12,1.17,0.39,5.84,17.9,7.39,3.11,0,0,0,0,16.34,1.56,4.28,1.56,0,0.78,1.56,0.78,0.39,0,8.17,8.17,0,0,0,0,0,0,0,0,22.96,3.11,0,0,0,0,3.11,19.84,0.78,3.11,4.28,0,0,0,0,0,0,0,0,0,0,0,5.84,0,0,0,0,0,0,5.84,0,0,0.78,0.39,0,0,0,0,0,0,14.4,22.96,0,3.89,13.23,0,0,4.67,0.39,3.11,3.5,3.89,1.95,0,0.78,0.78,0.39,25.68,0,7,0.78,0,9.34,8.56,0,1,Harris 2020,0,11.28,4.28
Have a Talk with God,Stevie Wonder,pop/rock,thumbs-up,D,Kamala Harris,Kamala,Harris,2020 Campaign,campaign rally,https://genius.com/stevie-wonder-have-a-talk-with-god-lyrics,2020,Harris 2020,FALSE,215,en,FALSE,have a talk with god,2,40,123,0.49261083743842365,0.9852216748768473,0,1.477832512315271,1.477832512315271,0.49261083743842365,0,1.477832512315271,0.49261083743842365,2.4630541871921183,203,66,0.3251231527093596,0.3203313927451858,0.219495447081654,0.28007911628601284,1,203,14.45,99,67.94,58.81,203,5.42,96.06,81.28,62.07,18.72,17.24,0.49,1.48,9.36,3.45,0.99,1.48,13.3,6.9,0,11.82,8.87,14.29,5.42,1.97,24.63,4.93,3.45,2.96,1.97,0.99,0.49,28.08,6.4,12.81,5.91,0.49,1.48,0.99,0,2.46,0.49,4.43,3.45,0.99,0,0,0,0,0,0,0,27.59,6.4,1.48,0.99,0,0,5.42,20.2,0,0.49,0.99,4.43,0,0,0,0,3.45,0,0,0.49,0,2.96,0.99,0.49,0,0,0.49,0,0,0,0,0,0,0,0,0,0,0,0,0,16.75,13.79,0,3.45,7.39,0,0,5.42,5.91,0.49,10.34,0.49,0,0,0,0,0,10.84,0,3.94,0,0,4.93,1.97,0,1,Harris 2020,0,-0.99,-3.4399999999999995
What's Love Got to Do with It,Tina Turner,pop/rock,thumbs-up,D,Kamala Harris,Kamala,Harris,2020 Campaign,campaign rally,https://genius.com/tina-turner-whats-love-got-to-do-with-it-lyrics,2020,Harris 2020,FALSE,367,en,FALSE,what's love got to do with it,2,40,124,0.9404388714733543,0.6269592476489029,0.31347962382445144,0.9404388714733543,0.9404388714733543,0.31347962382445144,0.6269592476489029,0.31347962382445144,1.567398119122257,1.8808777429467085,325,121,0.3723076923076923,0.20882406279955434,0.14708671209098684,0.16774268763439468,1,319,16.98,32.99,6.38,81.99,13.87,6.9,95.92,79.31,61.44,21,7.21,3.76,0,1.88,0,0,13.79,9.72,6.9,0,15.05,21,3.76,5.33,0,34.17,4.39,0.31,0.63,0,0.31,0.31,22.57,0,11.6,2.19,1.25,4.08,1.25,0,3.76,0,10.03,6.27,2.19,7.84,5.64,0.63,0.31,0,0,0,10.34,5.96,0,0,0,0,0.31,4.39,0,0,0.31,0.31,0,0,0,0,0,0,0,0,0,0,4.39,0,0,0,0,0,0,0.31,0,2.82,0,7.21,0,0,0,0,0.31,0,6.58,3.13,0.63,0,1.57,0.31,0,0.63,2.51,1.88,11.6,0.94,2.19,0,0,0.94,1.25,26.02,0,4.39,6.9,0,9.09,5.64,0,1,Harris 2020,0,3.76,0
United States of America's national anthem,Francis Scott Key,patriotic,thumbs-up,D,Kamala Harris,Kamala,Harris,2020 Campaign,campaign rally,https://genius.com/francis-scott-key-united-states-of-americas-national-anthem-lyrics,2020,Harris 2020,FALSE,351,en,FALSE,united states of america's national anthem,2,40,125,1.8808777429467085,2.5078369905956115,0.31347962382445144,2.5078369905956115,2.5078369905956115,0.9404388714733543,0.31347962382445144,2.8213166144200628,2.5078369905956115,3.4482758620689653,316,106,0.33544303797468356,0.20138995682261787,0.14193529307387473,0.1777015437392796,1,319,87.22,88.71,28.84,92.67,29,13.79,79.62,62.38,51.72,10.34,5.96,0,3.45,0.31,1.25,0.31,4.39,20.06,14.11,0.63,11.6,5.96,4.39,6.58,0,9.09,6.27,1.88,7.52,3.76,2.51,2.82,12.54,0.63,3.76,0.94,0.63,0.94,1.25,0,0.63,0,7.84,6.58,1.25,0.94,0.94,0,0,0,0,0,11.6,5.33,0.63,0,0.63,1.57,1.57,6.58,0,0,1.25,0.31,0.31,0.31,0,0,1.88,0,1.57,0,0,0.31,0,0,0,0,0,0,0,0,0,0.31,0,0.63,0,0.31,0,0.94,0.31,0,4.39,15.36,0.31,1.57,9.4,4.08,0.31,0,4.7,2.82,3.13,1.88,1.57,0,0,1.57,0,18.5,1.25,7.52,0.94,1.25,5.33,2.19,0,1,Harris 2020,0,-3.45,0.94
I'll Take You There,The Staple Singers,religious,thumbs-up,D,Kamala Harris,Kamala,Harris,2020 Campaign,campaign rally,https://genius.com/the-staple-singers-ill-take-you-there-lyrics,2020,Harris 2020,FALSE,580,en,FALSE,i'll take you there,2,40,126,0,0.2386634844868735,0.2386634844868735,0,0.477326968973747,0.2386634844868735,0,0.477326968973747,0.477326968973747,1.1933174224343674,420,117,0.2785714285714286,0.1624890357587255,0.11315300981172104,0.09587132570426125,1,419,1,76.39,99,84.37,419,2.15,95.47,85.44,56.56,31.26,28.64,15.27,0,13.37,0,0,2.63,5.49,2.15,0,4.06,11.93,14.32,0,5.01,29.12,2.86,0.72,3.34,1.19,0.95,1.19,19.33,3.1,4.06,0.48,0.95,0.48,0.24,0,1.43,0,5.25,4.77,0.48,0.48,0,0.48,0.48,0,0,0,17.18,2.39,2.39,0,0,0,0,14.8,1.19,0,0,0.95,0,0,0,0,3.58,2.15,0,0,0.24,1.19,0.95,0,0,0,0,0,0,0,0,1.19,0.24,11.22,0,0,0,0,0,0,18.14,13.84,0,0.95,13.84,0,0,0,1.91,0,3.58,10.74,13.13,0.95,1.91,9.79,0.48,52.74,0,20.76,0,0,14.08,17.9,0,1,Harris 2020,0,15.27,-0.95
Kiss,Prince and the Revolution,r&b,thumbs-up,D,Kamala Harris,Kamala,Harris,2020 Campaign,campaign rally,https://genius.com/prince-and-the-revolution-kiss-lyrics,2020,Harris 2020,FALSE,306,en,FALSE,kiss,2,40,127,0,2.1660649819494586,0.36101083032490977,1.0830324909747293,3.2490974729241877,0.36101083032490977,1.8050541516245486,2.1660649819494586,1.0830324909747293,5.054151624548736,277,105,0.3790613718411552,0.24956850610280212,0.15970775313735602,0.21153859377686093,1,277,6.24,69.49,64.83,80.78,92.33,4.69,95.31,77.62,60.29,23.83,22.02,10.83,0.72,10.11,0,0.36,1.81,11.55,1.08,0,13.36,14.44,4.33,1.81,6.86,22.38,6.14,3.97,5.78,2.89,0,2.89,20.58,2.89,9.75,1.08,0.36,4.33,1.08,0,3.97,0,4.69,4.33,0.36,0.72,0.72,0,0,0,0,0,19.13,3.25,0,0,0,0,0.72,15.88,1.44,2.17,3.97,0,0.36,0.36,0,0,1.81,0.72,0,0,1.08,0,1.08,0,0,0,0,0,0.36,0.36,0,2.53,2.17,0.36,5.78,1.08,0,0,0,0,7.22,7.58,0.36,2.53,3.25,0.72,0,1.08,2.89,0.36,9.39,3.25,6.5,2.89,1.08,2.53,0,18.41,0,9.75,0,0.72,7.22,0.72,0,1,Harris 2020,0,10.11,3.97
California Love,2Pac,hip-hop/rap,thumbs-up,D,Kamala Harris,Kamala,Harris,2020 Campaign,campaign rally,https://genius.com/2pac-california-love-lyrics,2020,Harris 2020,FALSE,901,en,FALSE,california love,2,40,128,0.7163323782234957,1.2893982808022924,0.14326647564469913,0.8595988538681948,1.2893982808022924,0.4297994269340974,0.5730659025787965,0.8595988538681948,1.4326647564469914,1.5759312320916905,710,248,0.3492957746478873,0.08707077826046768,0.07198042795082724,0.07563603382937424,1,698,73.78,74.38,82.89,69.81,36.74,9.17,73.5,59.89,45.42,15.62,6.59,1.72,1.86,2.15,0,0.86,9.03,9.31,6.3,0.29,13.61,4.15,4.01,2.72,1.58,11.89,2.44,1.15,4.44,3.72,0.29,0.57,11.6,1.58,5.73,3.15,1.86,0.29,0.29,0.14,1.58,0,4.87,4.01,0.86,1.29,1.29,0,0,0,0,0,12.18,2.72,0.14,0.14,0,0,0.43,6.88,1.72,0,0.57,0.14,0,0,0,0,2.44,1.72,0.29,0,0.43,0,1.15,0.14,0,0,0,0.14,0.14,0.29,0.29,0,0,0.29,0.14,0,0.29,0,0.14,0,10.46,14.61,0.29,3.15,12.03,0.43,0.29,0.14,2.01,0.57,4.73,0.29,4.58,1,2.15,1.58,0.14,38.54,2.29,14.33,0.29,0,7.16,14.47,0,1,Harris 2020,0,-0.14000000000000012,0.42999999999999994
God is a Woman,Ariana Grande,pop/rock,thumbs-up,D,Kamala Harris,Kamala,Harris,2020 Campaign,campaign rally,https://genius.com/ariana-grande-god-is-a-woman-lyrics,2020,Harris 2020,FALSE,527,en,FALSE,god is a woman,1,40,129,0.44543429844098,1.1135857461024499,0.44543429844098,0.89086859688196,1.3363028953229399,0,0.22271714922049,1.1135857461024499,1.1135857461024499,2.0044543429844097,450,122,0.27111111111111114,0.15011135857461025,0.09352477271897477,0.12760597320092007,1,449,1,91.8,89.94,43.45,449,6.01,97.33,82.63,64.59,30.29,22.49,10.69,1.34,10.02,0.45,0,7.8,13.59,5.79,2,4.45,14.48,5.35,7.57,2.45,25.61,1.34,4.01,1.78,1.34,0.45,0,32.52,2.45,14.25,7.13,2.45,4.01,0.89,0,2.9,0,3.34,2.45,0.89,1.56,1.34,0.22,0.22,0,0,0,20.94,4.9,0,0,0.67,0.22,2.45,15.59,0.45,0,2.67,0.89,0,0,0,0,4.01,0,0,0.45,0,3.56,0.22,0,0,0,0,0,0,0,0,0,1.11,0.89,0,0,0,0,0.22,0,7.35,5.79,0,1.78,2.23,0.67,0,2,4.9,3.12,10.02,2.67,7.57,0.89,5.35,0.45,0.89,24.94,0,7.57,0,0,7.35,10.02,0,1,Harris 2020,0,9.35,1.7799999999999998
Rise Up,Andra Day,r&b,thumbs-up,D,Kamala Harris,Kamala,Harris,2020 Campaign,campaign rally,https://genius.com/andra-day-rise-up-lyrics,2020,Harris 2020,FALSE,303,en,FALSE,rise up,1,40,130,1.0676156583629892,0.35587188612099646,0.35587188612099646,0.7117437722419929,1.0676156583629892,1.4234875444839858,0.35587188612099646,0.7117437722419929,1.7793594306049823,1.4234875444839858,286,109,0.3811188811188811,0.21890691828006137,0.17255868621241305,0.20061379738156648,1,281,22.94,97.07,99,2,281,6.41,97.15,89.32,69.75,25.27,20.28,7.83,6.41,6.05,0,0,4.98,11.39,6.05,1.78,19.22,14.95,2.49,8.19,0.71,32.03,2.85,3.56,6.41,6.41,0,0,22.78,0.71,4.98,1.42,0,1.42,0.36,0.36,2.14,0,3.56,0.36,3.2,2.85,0.36,2.49,0,1.07,0,0,13.88,1.07,0,0,0.36,0,0,12.46,0,0,0,0,0,0,0,0,0,0,0,0,0,0,3.2,1.42,1.07,0,0,0,0,0,0.36,0.71,0.36,0.71,0,0,0.36,0,0,0,10.68,25.98,0,13.17,9.25,0.36,0.71,2.14,4.98,0,2.49,12.1,0.71,0.71,0,0,0,20.64,0,4.98,0,0,11.03,4.63,0,1,Harris 2020,0,1.42,0
Think,Aretha Franklin,r&b,thumbs-up,D,Kamala Harris,Kamala,Harris,2020 Campaign,campaign rally,https://genius.com/aretha-franklin-think-lyrics,2020,Harris 2020,FALSE,436,en,FALSE,think,1,40,131,0.2898550724637681,0.2898550724637681,0.2898550724637681,0.5797101449275363,0.8695652173913043,0.2898550724637681,0.2898550724637681,0.5797101449275363,0.2898550724637681,1.4492753623188406,347,131,0.37752161383285304,0.19328244274809162,0.12149352804513773,0.15707489766567098,1,345,12.27,85.5,87.09,96.21,69,8.99,96.52,80.29,54.78,20.29,15.94,5.51,0.87,9.28,0,0.29,4.35,6.38,2.61,0.29,13.62,13.04,7.25,2.61,4.93,31.01,3.77,1.45,3.77,0.87,2.9,0,29.57,1.45,19.42,8.7,0.87,4.06,0.29,0,4.35,0,9.57,7.83,1.74,0,0,0,0,0,0,0,13.91,0.58,0,0,0,0,0.58,13.33,1.74,0,0,0,0,0,0,0,1.16,0.58,0,0.58,0,0,2.9,0.58,0,0,0.29,0,0,0,0,1.16,0,0.58,0,0,0,0,0.87,0,13.62,5.51,0,2.32,4.93,0.29,0,0,2.61,0.87,7.83,0.87,5.51,0.58,2.03,2.61,0.29,34.78,0,11.3,0.29,0.87,7.25,15.07,0,1,Harris 2020,0,4.64,0
Run the World (Girls),Beyonce,r&b,thumbs-up,D,Kamala Harris,Kamala,Harris,2020 Campaign,campaign rally,https://genius.com/beyonce-run-the-world-girls-lyrics,2020,Harris 2020,FALSE,858,en,FALSE,run the world (girls),1,40,132,1.1182108626198084,0.9584664536741214,0.3194888178913738,0.6389776357827476,1.2779552715654952,0.3194888178913738,0.4792332268370607,1.1182108626198084,1.1182108626198084,1.597444089456869,636,187,0.2940251572327044,0.0960849806085664,0.08857101365088585,0.09153012933317388,1,626,29.55,99,79.62,49.55,12.27,3.35,92.49,57.99,46.49,26.2,19.01,4.79,3.19,2.24,0,1.12,7.19,15.65,6.71,0.64,5.27,5.27,1.76,0.8,1.6,9.27,2.4,1.6,5.11,3.51,0.8,0.8,8.79,0.8,4.31,0.96,1.28,1.76,0.32,0,0.8,0.16,2.88,2.24,0.32,1.44,0.96,0.16,0.16,0,0,0,29.07,1.44,0.48,0.16,0.16,0.16,0.32,27.64,0.64,0,11.34,0.96,0.32,0.32,0,0,1.92,0.48,0,0.8,0.96,0,0.48,0,0,0,0,0,0,0.32,0,0.16,0.32,0.64,0,0.32,0,0,0,0,5.91,17.89,0.48,9.42,7.51,0.64,0,0.32,0.96,0.32,3.99,0.96,6.71,0,2.56,3.19,0.96,44.57,0,8.47,7.99,0,3.51,24.6,0,1,Harris 2020,0,1.6,10.379999999999999
The Road Goes on Forever,Joe Ely,pop/rock,thumbs-up,D,Beto O'Rourke,Beto,O'Rourke,2020 Campaign,campaign rally,https://genius.com/joe-ely-the-road-goes-on-forever-lyrics,2020,O'Rourke 2020,FALSE,526,en,FALSE,the road goes on forever,2,5,133,0.9900990099009901,0.9900990099009901,0.7920792079207921,0.9900990099009901,0.9900990099009901,0.7920792079207921,0.9900990099009901,0.594059405940594,1.7821782178217822,2.1782178217821784,510,152,0.2980392156862745,0.11723553934340801,0.08873371547681085,0.09330250130276185,1,505,92.85,84.88,79.07,63.91,252.5,9.5,85.15,66.93,52.67,10.5,9.31,0.2,0.2,0.4,5.74,2.18,1.19,19.8,14.46,1.39,15.05,3.56,4.95,5.94,1.78,13.66,3.76,3.56,3.76,2.18,0.4,1.19,16.04,3.96,2.18,0.59,0.59,0.2,0.2,0,0.99,0,3.56,3.17,0.4,0,0,0,0,0,0,0,14.06,3.17,0,0,0,0,0.79,10.89,0,0.2,2.77,3.96,0.2,0.2,0,0,4.55,1.78,0.4,0.99,1.58,0,2.57,0,0,0,0,0.99,0,0.79,0,0,0,1.98,0,0.2,0,0,0,0,6.73,18.61,0.2,5.15,13.07,0.4,0,0.59,8.51,8.32,2.97,0.59,0,0,0,0,0,7.52,0.2,3.96,0,0,1.98,1.39,0,0,O'Rourke 2020,0,0,-1.19
Clampdown,The Clash,pop/rock,thumbs-up,D,Beto O'Rourke,Beto,O'Rourke,2020 Campaign,campaign rally,https://genius.com/the-clash-clampdown-lyrics,2020,O'Rourke 2020,FALSE,408,en,FALSE,clampdown,2,5,134,1.3850415512465375,1.10803324099723,1.10803324099723,1.3850415512465375,1.10803324099723,2.21606648199446,0.554016620498615,1.10803324099723,3.8781163434903045,2.770083102493075,362,111,0.30662983425414364,0.15467545107434302,0.13217788425544658,0.14923261211349853,1,361,65.35,96.32,37.35,3.74,22.56,9.7,85.04,70.08,54.85,14.13,10.8,1.66,1.94,5.26,0.28,1.39,3.32,14.96,8.59,1.39,14.4,9.7,3.88,4.71,1.94,18.84,4.99,3.6,7.48,1.94,3.05,2.49,19.94,1.39,8.03,1.66,1.39,2.49,0.83,0.28,1.94,0,2.77,0.28,2.49,1.11,0.28,0.83,0,0.55,0.28,0,16.07,3.88,0,0,0.83,0.55,1.66,11.91,0,0,0,1.94,0.83,0.55,0.28,0,4.99,0,0,3.6,0.83,0.55,0.55,0,0,0,0,0,0,0,0.28,0,0.28,3.6,0,0.28,0,0.28,0.55,0,11.63,10.25,0,2.22,6.93,0.83,0,0.83,4.71,1.39,8.03,0.83,1.94,1.66,0.28,0,0,26.59,0,2.22,1.39,3.05,10.53,9.42,0,0,O'Rourke 2020,0,-0.28,-1.94
I Could Fall in Love,Selena,pop/rock,thumbs-up,D,Beto O'Rourke,Beto,O'Rourke,2020 Campaign,campaign rally,https://genius.com/Selena-i-could-fall-in-love-lyrics,2020,O'Rourke 2020,FALSE,280,en,FALSE,i could fall in love,2,5,135,0.3968253968253968,0.3968253968253968,0.3968253968253968,0.3968253968253968,0.7936507936507936,0.7936507936507936,1.1904761904761905,0,0.7936507936507936,0.7936507936507936,252,86,0.3412698412698413,0.24571797711332594,0.19984311554078998,0.18972406792174235,1,252,12.48,47.11,99,99,84,3.97,91.67,69.05,59.13,24.21,22.22,13.89,0,8.33,0,0,1.98,2.78,0.79,0,14.29,11.9,3.57,5.16,1.98,21.43,0.4,0,1.59,0,1.19,0.4,23.02,1.19,18.25,3.57,1.98,10.32,2.38,0,1.98,0,9.13,8.33,0.79,7.14,7.14,0,0,0,0,0,17.86,7.14,0,0,0,0,0,10.71,2.38,0,0,0,0,0,0,0,0,0,0,0,0,0,0.79,0,0,0,0,0,0,0,0,0,0.79,0.79,0,0,0,0,0.79,0.4,13.89,18.65,0,8.73,16.67,0,0,1.19,2.38,0,2.38,1.59,0.4,0.4,0,0,0,12.7,0,1.59,0.79,0,1.59,8.73,0,0,O'Rourke 2020,0,13.89,0
Baba O'Riley,"Pete Townshend, The Who",pop/rock,thumbs-up,D,Beto O'Rourke,Beto,O'Rourke,2020 Campaign,campaign rally,https://genius.com/pete-townshend-baba-oriley-lyrics,2020,O'Rourke 2020,FALSE,93,en,FALSE,baba o'riley,1,5,136,2.2222222222222223,1.1111111111111112,1.1111111111111112,2.2222222222222223,1.1111111111111112,2.2222222222222223,1.1111111111111112,2.2222222222222223,3.3333333333333335,4.444444444444445,90,35,0.3888888888888889,0.6415238095238095,0.540952380952381,0.5635555555555556,1,90,19.76,22.56,96.01,9.52,90,15.56,86.67,73.33,48.89,17.78,15.56,11.11,2.22,1.11,0,1.11,2.22,13.33,4.44,0,11.11,14.44,4.44,1.11,5.56,27.78,13.33,2.22,4.44,4.44,0,0,21.11,1.11,3.33,1.11,0,2.22,0,1.11,0,0,5.56,2.22,3.33,2.22,1.11,1.11,0,0,1.11,0,14.44,4.44,1.11,0,2.22,1.11,1.11,10,0,0,0,0,0,0,0,0,0,0,0,0,0,0,5.56,0,0,0,0,0,0,1.11,0,2.22,0,4.44,0,0,0,0,0,0,15.56,16.67,1.11,3.33,11.11,2.22,0,0,3.33,1.11,13.33,0,2.22,0,0,2.22,0,14.44,0,2.22,0,1.11,11.11,0,0,0,O'Rourke 2020,0,8.889999999999999,0
United States of America's national anthem,Francis Scott Key,patriotic,thumbs-up,D,Beto O'Rourke,Beto,O'Rourke,2020 Campaign,campaign rally,https://genius.com/francis-scott-key-united-states-of-americas-national-anthem-lyrics,2020,O'Rourke 2020,FALSE,351,en,FALSE,united states of america's national anthem,1,5,137,1.8808777429467085,2.5078369905956115,0.31347962382445144,2.5078369905956115,2.5078369905956115,0.9404388714733543,0.31347962382445144,2.8213166144200628,2.5078369905956115,3.4482758620689653,316,106,0.33544303797468356,0.20138995682261787,0.14193529307387473,0.1777015437392796,1,319,87.22,88.71,28.84,92.67,29,13.79,79.62,62.38,51.72,10.34,5.96,0,3.45,0.31,1.25,0.31,4.39,20.06,14.11,0.63,11.6,5.96,4.39,6.58,0,9.09,6.27,1.88,7.52,3.76,2.51,2.82,12.54,0.63,3.76,0.94,0.63,0.94,1.25,0,0.63,0,7.84,6.58,1.25,0.94,0.94,0,0,0,0,0,11.6,5.33,0.63,0,0.63,1.57,1.57,6.58,0,0,1.25,0.31,0.31,0.31,0,0,1.88,0,1.57,0,0,0.31,0,0,0,0,0,0,0,0,0,0.31,0,0.63,0,0.31,0,0.94,0.31,0,4.39,15.36,0.31,1.57,9.4,4.08,0.31,0,4.7,2.82,3.13,1.88,1.57,0,0,1.57,0,18.5,1.25,7.52,0.94,1.25,5.33,2.19,0,0,O'Rourke 2020,0,-3.45,0.94
Power to the People,John Lennon,pop/rock,thumbs-up,D,Bernie Sanders,Bernie,Sanders,2020 Campaign,campaign rally,https://genius.com/john-lennon-power-to-the-people-lyrics,2020,Sanders 2020,FALSE,194,en,FALSE,power to the people,10,66,138,1.075268817204301,1.075268817204301,0.5376344086021505,1.075268817204301,0.5376344086021505,1.075268817204301,1.075268817204301,0.5376344086021505,1.075268817204301,1.6129032258064515,186,79,0.42473118279569894,0.3570028583095141,0.2677011024908126,0.3561249489587587,1,186,99,99,1.41,78.26,186,6.45,99.46,63.98,54.3,10.22,9.68,0.54,1.61,4.3,2.15,1.08,0.54,16.13,14.52,0.54,20.97,1.61,4.84,2.15,0.54,9.68,1.61,0.54,19.35,2.69,1.61,15.05,6.45,0.54,2.15,0.54,0.54,1.08,0,0.54,0,0,3.76,3.76,0,0,0,0,0,0,0,0,26.34,1.61,0,0,0,0,1.08,24.73,0.54,0.54,2.69,0.54,0.54,0.54,0,0,3.23,1.61,0.54,1.08,0,0,0.54,0,0,0,0,0,0,0,0,0,0.54,2.69,0,0,0,0,0,0,22.58,6.45,0,1.08,4.3,0,1.61,0,2.69,0,3.23,0,0,0,0,0,0,4.3,0,4.3,0,0,0,0,0,0,Sanders 2020,0,-1.07,2.15
Takin' It to the Streets,The Doobie Brothers,pop/rock,thumbs-up,D,Bernie Sanders,Bernie,Sanders,2020 Campaign,campaign rally,https://genius.com/the-doobie-brothers-takin-it-to-the-streets-lyrics,2020,Sanders 2020,FALSE,374,en,FALSE,takin' it to the streets,6,66,139,0.6389776357827476,0.3194888178913738,0.9584664536741214,0.9584664536741214,0.3194888178913738,0.6389776357827476,0,1.2779552715654952,1.2779552715654952,1.2779552715654952,313,52,0.16613418530351437,0.20726222659130009,0.1498156795281396,0.15698574588350944,1,313,59.41,15.35,26.72,16.58,313,14.06,90.42,85.94,61.66,24.6,11.18,7.35,0,3.51,0.32,0,13.42,16.29,10.54,0,15.34,6.71,1.6,1.92,4.47,25.24,3.19,1.92,1.6,0.96,0,0.64,13.1,2.24,5.11,1.92,0,1.6,0.32,0,1.28,0,0.64,0,0.32,0.32,0,0.32,0,0,0.32,0.32,6.71,1.92,0,0,0,0,1.92,4.79,0.64,0,0,0.96,0,0,0,0,0.64,0,0,0,0.32,0.32,1.6,0,0,0,0,0,0,0,0,1.6,0,10.86,0.32,0,0,0,0.32,0,8.31,7.67,0,1.92,3.19,2.24,0,0,0.96,0.32,3.83,1.92,5.43,1.6,2.56,1.28,0,23.64,0,4.79,0,0,4.15,14.7,0,0,Sanders 2020,0,7.35,-0.96
Pick Up The Phone,"Young Thug, Travis Scott",hip-hop/rap,thumbs-up,D,Bernie Sanders,Bernie,Sanders,2020 Campaign,campaign rally,https://genius.com/travis-scott-pick-up-the-phone-lyrics,2020,Sanders 2020,FALSE,1016,en,FALSE,pick up the phone,6,66,140,1.2836970474967908,1.0269576379974326,0.8985879332477535,0.8985879332477535,1.4120667522464698,0.5134788189987163,0.5134788189987163,1.2836970474967908,1.5404364569961488,2.5673940949935816,780,249,0.3192307692307692,0.07767965314402668,0.05717401054796851,0.061348861427739196,1,779,53.12,27.45,93.14,17.26,389.5,7.06,85.88,66.62,51.22,17.97,14.12,9.88,0.13,2.95,1.03,0.13,3.85,12.2,5.26,2.05,14.38,7.83,3.72,3.08,2.57,15.15,2.82,2.82,1.28,0.64,0.13,0.51,13.74,2.82,2.95,1.41,0.77,0.26,0.26,0.26,0.51,0,5.01,1.67,1.93,1.03,0.77,0.26,0,0.26,0,1.67,14.25,4.49,0.39,0.26,0.51,1.16,2.18,9.24,3.85,0,2.18,0.64,1.41,0.39,0,1.03,2.7,0.64,0.77,0.13,0.9,0.26,1.67,0.51,0.51,0,0,0.26,0.13,0.39,0,0.39,0,1.03,0,0,0,0.13,0.26,0,8.22,14.51,0,2.31,11.3,0.9,0.13,0.13,2.18,2.95,5.01,0.9,7.7,1.8,4.11,0.26,2.05,44.16,0,11.81,0.13,0,9.24,22.98,0,0,Sanders 2020,0,9.75,1.54
Someday,The Strokes,pop/rock,thumbs-up,D,Bernie Sanders,Bernie,Sanders,2020 Campaign,campaign rally,https://genius.com/the-strokes-someday-lyrics,2020,Sanders 2020,FALSE,236,en,FALSE,someday,4,66,141,0,2.512562814070352,0,0,2.512562814070352,0.5025125628140703,1.5075376884422111,2.0100502512562812,1.0050251256281406,3.5175879396984926,199,59,0.2964824120603015,0.3118814411038242,0.2093262924793459,0.2656417681628481,1,199,2.41,28.96,99,20.23,66.33,11.06,92.46,72.36,49.75,24.12,23.12,13.07,3.02,4.02,0,3.02,1.01,8.04,1.01,0,7.04,10.55,7.04,4.52,4.52,22.61,7.54,3.02,8.04,4.52,3.52,0,29.65,2.51,15.08,1.51,0.5,3.02,6.03,0.5,3.52,0,2.01,1.01,1.01,2.01,1.01,1.01,0.5,0,0,0,17.59,4.02,0,0,0,0,3.52,12.06,0,1.51,0,0.5,0,0,0,0,1.51,0.5,0,1.01,0,0,0.5,0,0,0,0,0,0,0,0,2.01,1.51,0,0,0,0,0,0,0,11.56,13.07,0,2.51,9.05,1.01,0,1.51,11.06,1.51,5.03,9.55,7.04,1.01,2.51,3.52,0,30.65,3.02,14.57,0,0,10.05,3.02,0,0,Sanders 2020,0,10.05,-0.5
Seven Nation Army,The White Stripes,pop/rock,thumbs-up,D,Bernie Sanders,Bernie,Sanders,2020 Campaign,campaign rally,https://genius.com/the-white-stripes-seven-nation-army-lyrics,2020,Sanders 2020,FALSE,188,en,FALSE,seven nation army,4,66,142,2.197802197802198,1.098901098901099,1.098901098901099,2.197802197802198,0.5494505494505495,1.6483516483516483,1.6483516483516483,2.197802197802198,4.395604395604396,1.098901098901099,183,54,0.29508196721311475,0.2992063492063492,0.23578551078551074,0.265995115995116,1,182,32.56,1.93,90.28,14.24,182,7.14,90.66,70.88,61.54,21.43,14.84,12.09,0,1.1,0,1.65,6.59,16.48,7.14,1.1,17.03,12.64,1.65,8.24,2.75,21.43,2.2,3.3,2.2,0,0.55,1.65,24.73,3.3,8.24,2.2,1.1,2.2,0.55,0,2.2,0.55,2.2,0.55,1.1,0,0,0,0,0,0,0.55,9.34,4.4,0,0,0.55,0,3.85,4.4,0,0,0.55,0,0.55,0.55,0,0,2.75,0.55,1.1,0.55,0,0.55,4.95,2.75,2.2,0,0,0.55,0,0,0,0,1.1,1.1,0,0,0,0,0,0,8.79,11.54,0,1.65,7.14,1.1,1.1,0.55,2.2,0,9.89,4.4,4.4,4.4,0,0,0,22.53,0,3.3,0,0,15.38,3.85,0,0,Sanders 2020,0,12.09,0.55
The Things I Regret,Brandi Carlile,pop/rock,thumbs-up,D,Bernie Sanders,Bernie,Sanders,2020 Campaign,campaign rally,https://genius.com/brandi-carlile-the-things-i-regret-lyrics,2020,Sanders 2020,FALSE,360,en,FALSE,the things i regret,4,66,143,1.3888888888888888,0.5555555555555556,0.5555555555555556,1.9444444444444444,0.5555555555555556,1.9444444444444444,0.2777777777777778,0.8333333333333334,3.611111111111111,1.3888888888888888,369,131,0.35501355013550134,0.14324215436810855,0.1178668363019508,0.10602629346904155,1,360,43.82,85.21,99,14.18,360,7.22,92.22,78.89,58.89,26.39,23.06,10.28,0,8.06,0,4.72,3.33,13.33,7.78,0,15,4.17,5.28,5.28,0.28,16.67,3.61,2.5,0.28,0,0,0.28,16.11,0.83,9.17,1.67,0.28,2.5,2.22,0,1.94,1.94,3.89,1.67,2.22,1.39,0,1.39,0,0,1.39,0,13.89,0.56,0,0,0.28,0.28,0,13.06,0,0,0,0,0,0,0,0,1.94,0.83,0.56,0,0,0.56,1.94,0,0,0,0,0,0,0,0.56,0,0.83,0.28,0.56,0,0,0,0,0,3.89,17.22,0,6.11,10,0,0.56,0.83,3.89,3.33,5.56,0,3.33,3.33,0,3.33,0,5.28,0,0,0,0,2.78,2.5,0,0,Sanders 2020,0,10.28,0
Fortunate Son,Creedence Clearwater Revival,pop/rock,thumbs-up,D,Bernie Sanders,Bernie,Sanders,2020 Campaign,campaign rally,https://genius.com/Creedence-clearwater-revival-fortunate-son-lyrics,2020,Sanders 2020,FALSE,244,en,FALSE,fortunate son,4,66,144,0.49261083743842365,0.9852216748768473,0.49261083743842365,1.477832512315271,0.9852216748768473,0.49261083743842365,0,1.9704433497536946,1.9704433497536946,2.4630541871921183,204,52,0.2549019607843137,0.3121163319439182,0.20774914740431985,0.27319060250094734,1,203,1,1,99,66.8,101.5,5.91,94.58,79.31,70.44,27.09,18.23,12.81,0.49,1.48,0,3.45,8.87,20.2,3.94,2.96,3.94,15.27,2.46,3.45,22.66,18.72,7.39,6.9,5.42,0.99,0,4.43,30.05,9.36,15.27,0.99,0.99,0.49,0,0,13.3,0,3.94,3.45,0.49,0,0,0,0,0,0,0,11.82,1.97,0.49,0,0,0,0.99,9.85,4.43,0,0,2.96,0.99,0.99,0,0,1.97,0.49,0.49,0,0.99,0,0.99,0,0,0,0,0,0,0,0,0,0,0,0,0,0,0,0,0,10.84,4.43,0,0.99,1.97,1.97,0,0,2.46,1.48,15.27,0,3.45,0.49,0.99,0,1.97,39.41,0,19.7,0.49,0,15.76,3.45,0,0,Sanders 2020,0,12.32,-2.96
This Land Is Your Land,Woody Guthrie,pop/rock,thumbs-up,D,Bernie Sanders,Bernie,Sanders,2020 Campaign,campaign rally,https://genius.com/woody-guthrie-this-land-is-your-land-lyrics,2020,Sanders 2020,FALSE,291,en,FALSE,this land is your land,3,66,145,0.7142857142857143,1.0714285714285714,0,0.35714285714285715,1.7857142857142858,0.35714285714285715,0.35714285714285715,0.7142857142857143,0.7142857142857143,2.857142857142857,279,75,0.26881720430107525,0.21810952380952378,0.13195714285714286,0.17477619047619047,1,280,45.02,19.97,93.4,35.41,70,11.43,81.07,69.29,59.64,18.93,12.5,8.57,0,3.57,0.36,0,6.43,19.64,9.29,0,12.14,7.86,1.79,9.64,1.43,16.07,2.14,1.07,0,0,0,0,15.36,1.07,4.64,0,2.86,0,0.36,0,1.79,0,1.07,1.07,0,0,0,0,0,0,0,0,5.36,0.71,0,0,0,0,0.71,4.29,0,0,0.36,0,0,0,0,0,1.07,0.71,0,0.36,0,0,0.71,0,0,0,0,0,0,0.71,0,0,0,0,0,0,0,0,0,0,2.5,16.79,0,3.93,10.36,3.21,0.36,0,2.14,10.71,3.21,0,0,0,0,0,0,14.29,1.43,1.07,0,0.71,2.14,8.93,0,0,Sanders 2020,0,8.57,0.36
License to Kill,Bob Dylan,pop/rock,thumbs-up,D,Bernie Sanders,Bernie,Sanders,2020 Campaign,campaign rally,https://genius.com/bob-dylan-license-to-kill-lyrics,2020,Sanders 2020,FALSE,296,en,FALSE,license to kill,3,66,146,1.7921146953405018,0,0.7168458781362007,2.5089605734767026,0.35842293906810035,2.5089605734767026,0.7168458781362007,0.7168458781362007,4.659498207885305,2.150537634408602,280,92,0.32857142857142857,0.1938211002025869,0.16581346423562415,0.18158796945613218,1,279,10.68,99,1,3.96,69.75,8.24,89.25,71.68,61.29,22.58,20.43,1.79,0,1.43,13.26,2.51,2.15,13.98,5.73,0.36,10.39,9.32,10.04,6.45,0.72,19,1.79,1.43,3.94,0,1.08,2.87,16.49,1.43,6.09,1.43,1.08,1.08,1.79,0.36,0.72,0,5.02,1.43,3.58,1.08,0,1.08,0.36,0,0.36,0,26.88,5.02,0.36,0.36,1.79,0,1.79,21.51,0,0,3.94,11.83,0.72,0,0,0.72,5.38,3.58,0,0.72,0.36,0.72,5.73,0,0,0,0,0,0,2.87,1.43,0,0.72,3.94,0,0.36,0,0,0,0.36,6.45,9.68,0,0.72,6.81,1.43,0,0.72,4.66,1.08,10.04,5.73,0.72,0,0,0.72,0,9.68,0,4.66,1.43,0,3.23,0.36,0,0,Sanders 2020,0,1.79,-7.890000000000001
The Times They Are A Changin',Bob Dylan,pop/rock,thumbs-up,D,Bernie Sanders,Bernie,Sanders,2020 Campaign,campaign rally,https://genius.com/bob-dylan-the-times-they-are-a-changin-lyrics,2020,Sanders 2020,FALSE,259,en,FALSE,the times they are a changin',3,66,147,2.032520325203252,1.2195121951219512,0.8130081300813008,1.2195121951219512,0.4065040650406504,1.2195121951219512,0.8130081300813008,0.4065040650406504,2.032520325203252,1.2195121951219512,249,76,0.30522088353413657,0.23186243046640992,0.1590928540864356,0.2123181429182713,1,246,20.05,98.75,93.39,25.48,246,10.98,89.43,70.73,60.57,15.04,11.38,0,0,7.32,0.81,2.03,3.66,17.07,9.35,1.63,9.35,14.63,6.5,6.91,3.25,19.92,5.69,2.03,4.47,0.41,1.22,3.25,23.58,0.41,3.25,0.81,0,0.81,1.63,0,2.03,0,3.66,2.03,1.63,0.41,0,0.41,0,0,0,0,18.29,3.66,0.81,0.81,0.81,0,0.81,14.63,1.63,0,0.81,1.63,0.81,0.81,0,0,3.25,0,0.41,1.22,1.22,0.41,1.63,0,0,0,0,0,0,0,0,0,0,1.63,0,0,0,0.41,0.41,0,11.79,13.41,0.41,4.88,9.35,0.41,0,0.41,10.98,0.81,10.16,4.88,0,0,0,0,0,17.89,0,6.1,0,0,9.76,2.03,0,0,Sanders 2020,0,0,-0.8199999999999998
Disco Inferno,The Trammps,r&b,thumbs-up,D,Bernie Sanders,Bernie,Sanders,2020 Campaign,campaign rally,https://genius.com/the-trammps-disco-inferno-lyrics,2020,Sanders 2020,FALSE,898,en,FALSE,disco inferno,3,66,148,0.46801872074882994,1.24804992199688,0.15600624024961,0.62402496099844,1.4040561622464898,0.62402496099844,0.62402496099844,0.9360374414976599,0.7800312012480499,2.3400936037441498,649,358,0.551617873651772,0.07184958906736158,0.09717445681067466,0.07773381326314505,1,641,34.43,29.67,64.22,48.78,213.67,17.94,68.33,54.29,36.51,11.54,8.89,7.02,0.16,1.72,0,0,2.65,10.45,4.21,0.31,6.71,6.71,7.33,3.59,3.59,16.54,6.08,1.72,2.65,2.03,0,0.62,17.63,0.62,5.62,0.62,0.62,3.43,0.78,0,2.81,0,2.34,2.03,0.16,0.94,0.78,0,0,0,0,0,12.01,2.34,0.47,0,0,0,1.72,9.67,5.93,0,1.72,0,0,0,0,0,1.4,0.62,0,0,0,0.78,0.16,0,0,0,0,0,0,0,0,0.62,0.47,4.37,0,0.78,0,0,0,0,6.86,12.48,0.47,1.4,5.62,0,1.87,3.74,6.08,2.34,8.11,0.31,4.37,1.09,1.09,2.03,0.47,48.21,0,20.75,0.31,0,5.93,21.22,0,0,Sanders 2020,0,6.859999999999999,1.72
Whirlwind,"Mike Gordon, The Mallett Brothers, Jon Fishman, Tessa Gordon",pop/rock,thumbs-up,D,Bernie Sanders,Bernie,Sanders,2020 Campaign,campaign rally,https://genius.com/mike-gordon-whirlwind-lyrics,2020,Sanders 2020,FALSE,289,en,FALSE,whirlwind,2,66,149,2.4734982332155475,0.7067137809187279,0.7067137809187279,1.7667844522968197,0.7067137809187279,1.4134275618374559,1.0600706713780919,1.4134275618374559,3.5335689045936394,1.4134275618374559,283,89,0.31448763250883394,0.16770953269543812,0.17058006114265295,0.1651248660023028,1,283,85.73,67.01,39.17,41.03,283,18.37,78.45,68.9,54.77,14.49,10.25,4.24,0,4.95,0.71,0.35,4.24,23.32,17.67,0.35,10.25,5.65,3.18,5.3,1.77,15.9,3.53,1.41,1.77,0.35,1.41,0,11.31,0.35,3.89,0.35,0.35,1.77,1.06,0,0.71,0,3.89,2.47,1.06,1.41,0.71,0.35,0,0.35,0,0,8.83,2.83,1.06,0.71,0,0,1.41,6.36,0,0,0,1.06,0.35,0,0,0.35,0.71,0,0.35,0,0,0.35,3.53,0,0,0,0,0,0,1.41,0.35,1.06,0.35,3.53,0,0,0,0.71,0,0,4.95,13.43,0,2.83,8.83,2.12,0,0.35,2.12,1.41,4.59,1.06,0.71,0.35,0,0,0.35,4.95,0,0.71,0,0,2.83,1.41,0,0,Sanders 2020,0,4.24,-1.06
Ring Them Bells,"Mike Gordon, The Mallett Brothers, Jon Fishman, Bob Dylan, Tessa Gordon",pop/rock,thumbs-up,D,Bernie Sanders,Bernie,Sanders,2020 Campaign,campaign rally,https://genius.com/bob-dylan-ring-them-bells-lyrics,2020,Sanders 2020,FALSE,225,en,FALSE,ring them bells,2,66,150,0.9174311926605505,4.128440366972477,0.45871559633027525,2.293577981651376,2.7522935779816513,1.834862385321101,0.9174311926605505,4.128440366972477,4.128440366972477,5.504587155963303,218,72,0.3302752293577982,0.2729612640163099,0.19716488277268093,0.23547400611620792,1,218,76.84,93.87,38.52,7.73,72.67,7.8,78.9,65.6,54.59,11.93,8.72,0,0.46,0.46,0,6.88,3.21,19.27,14.22,0.92,10.55,7.8,4.13,7.8,0,11.47,6.88,3.67,2.29,0.92,0,1.38,12.84,0.46,0.92,0.92,0,0,0,0,0,0,5.05,1.83,3.21,0.92,0,0.92,0,0,0.92,0,14.22,2.75,0,0,0.46,1.83,0.46,11.01,0.46,0,0.46,0.92,0,0,0,0,1.83,0.46,0.46,0,0,0.92,2.75,0,0,0,0,0,0,0.46,0.46,0,0,0,0,0.46,0,0,0,0,4.59,13.76,0,2.75,9.63,0.46,0.46,0,3.21,0.46,7.8,1.83,1.38,0,0,1.38,0,6.42,0.92,2.29,0,0,3.21,0,0,0,Sanders 2020,0,-0.46,-0.46
Let's Go,"Mike Gordon, The Mallett Brothers, Jon Fishman",pop/rock,thumbs-up,D,Bernie Sanders,Bernie,Sanders,2020 Campaign,campaign rally,https://genius.com/mike-gordon-lets-go-lyrics,2020,Sanders 2020,FALSE,232,en,FALSE,let's go,2,66,151,2.4038461538461537,0.9615384615384616,1.4423076923076923,2.4038461538461537,0,0.4807692307692308,0.9615384615384616,0.9615384615384616,3.3653846153846154,0.4807692307692308,214,87,0.40654205607476634,0.2513815207780725,0.2139202033598585,0.22392241379310346,1,208,46.27,99,99,26.52,208,5.29,89.42,78.85,50,15.87,13.46,0,8.17,4.81,0.48,0,2.4,12.5,7.21,2.88,12.98,12.5,3.37,3.37,2.88,28.85,3.85,4.33,10.58,9.62,0,0.96,18.27,0,4.33,0.96,0.48,1.44,0.48,0,2.4,0,3.37,1.44,0.96,0.48,0,0,0,0,0,0.48,17.79,2.4,0.48,0.48,0.48,0,0.96,15.38,0,0,0,0.96,0,0,0,0,0.96,0,0.48,0,0,0.48,0,0,0,0,0,0,0,0,0,0,0,1.44,0,0,0,0,0,0,16.83,23.56,0.48,15.38,15.38,0.96,0.96,0,5.77,0,13.46,1.92,10.1,0.96,0,0,9.13,25.96,0,0.96,0,0,11.54,13.46,0,0,Sanders 2020,0,-8.17,-0.96
Don't Let The Bastards Get You Down,"Kris Kristofferson, The Mallett Brothers, Jon Fishman",pop/rock,thumbs-up,D,Bernie Sanders,Bernie,Sanders,2020 Campaign,campaign rally,https://genius.com/kris-kristofferson-dont-let-the-bastards-get-you-down-lyrics,2020,Sanders 2020,FALSE,199,en,FALSE,don't let the bastards get you down,2,66,152,1.5463917525773196,1.0309278350515463,1.0309278350515463,1.5463917525773196,1.0309278350515463,2.0618556701030926,1.0309278350515463,2.0618556701030926,3.0927835051546393,2.577319587628866,195,72,0.3692307692307693,0.2630798969072165,0.23721363115693014,0.25176832760595647,1,194,39.4,83.91,67.48,2.66,194,9.28,94.33,73.2,54.64,21.65,18.04,4.12,2.06,4.64,3.09,3.61,3.61,13.4,8.76,0,12.89,8.76,3.61,4.64,3.09,24.23,2.58,1.55,12.37,2.06,1.03,8.25,20.1,0,8.25,1.03,0,2.58,2.06,0,4.64,0,6.7,0.52,3.09,0,0,0,0,0,0,3.09,22.68,6.19,0.52,0,2.58,0,2.06,16.49,1.55,0,0,4.12,0.52,0.52,0,0,1.03,0,0,0.52,0.52,0,2.58,0,0,0,0,0,0,0,2.06,2.06,0,3.61,0,0.52,0,0,0,1.03,8.25,16.49,0.52,2.06,11.86,2.58,0.52,0.52,2.58,9.79,2.06,2.06,2.06,2.06,0,0,0,15.98,0,0.52,0,0,12.89,2.58,0,0,Sanders 2020,0,2.06,-4.12
God Bless The USA,Lee Greenwood,pop/rock,thumbs-up,R,Donald Trump,Donald,Trump,2020 Campaign,campaign rally,https://genius.com/lee-greenwood-god-bless-the-usa-lyrics,2020,Trump 2020,FALSE,252,en,FALSE,god bless the usa,157,71,153,0,2.8,0,1.2,3.2,0.4,0.4,2,0.8,4.4,249,71,0.285140562248996,0.2743830985915493,0.1719549295774648,0.2242985915492958,1,250,14.7,6.49,94.23,99,83.33,6.8,94,71.6,60.8,20.4,16.4,11.2,0.4,0.8,1.2,0.4,4,13.6,4.8,0,13.2,10,7.2,6.8,4,17.6,4.4,2.4,3.6,0.8,2,0.8,21.6,1.2,10.4,1.2,1.6,2.4,0.4,2.4,2,1.2,8.4,8.4,0,4,4,0,0,0,0,0,12.4,4.4,0.4,0.4,0,0,0.8,7.6,1.2,0,1.6,1.2,4,2.4,1.6,0,2.8,0,0,0.4,0,2.4,2,0,0,0,0,0,0,0,1.2,0.8,0,0.4,0,0,0,0,0.4,0,11.2,12.8,0,0.4,12,0.4,0,0,3.6,4.4,7.2,1.6,0,0,0,0,0,10.4,0.8,0.4,0,0,9.2,0,0,0,Trump 2020,1,10.799999999999999,0.40000000000000013
You Can't Always Get What You Want,The Rolling Stones,pop/rock,thumbs-up,R,Donald Trump,Donald,Trump,2020 Campaign,campaign rally,https://genius.com/the-rolling-stones-you-cant-always-get-what-you-want-lyrics,2020,Trump 2020,FALSE,512,en,FALSE,you can't always get what you want,81,71,154,0.8714596949891068,0.8714596949891068,0.6535947712418301,0.6535947712418301,1.5250544662309369,1.0893246187363834,0.4357298474945534,1.5250544662309369,1.0893246187363834,2.832244008714597,466,143,0.30686695278969955,0.1369517193046605,0.11392659627953747,0.1112588936118348,1,459,4.94,99,2.18,64.87,57.38,6.1,96.08,81.26,55.12,30.5,23.75,4.14,1.31,14.6,3.7,0,6.75,8.06,2.83,0.44,6.32,6.1,2.4,3.7,4.79,25.27,1.09,0.22,3.27,1.53,1.53,0.22,28.98,0.65,23.53,2.4,0,7.41,12.42,0,6.75,0,3.7,3.27,0.44,0.87,0.65,0.22,0,0.22,0,0,24.62,2.61,0,0.44,0,0,1.31,22,0.87,0,3.05,1.96,0,0,0,0,1.74,1.31,0,0.22,0,0.22,3.49,0.65,0.22,0,0,0.44,0,1.31,0.22,1.53,3.92,5.88,0,0.22,0,0,0,0,11.76,6.75,0.22,0.44,2.4,1.09,1.09,0,1.96,4.36,1.53,3.7,6.97,1.31,3.05,3.27,0.22,19.17,0.44,9.15,0,1.09,5.01,3.49,0,0,Trump 2020,1,2.8299999999999996,1.0899999999999999
YMCA,Village People,pop/rock,thumbs-up,R,Donald Trump,Donald,Trump,2020 Campaign,campaign rally,https://genius.com/village-people-ymca-lyrics,2020,Trump 2020,FALSE,655,en,FALSE,ymca,34,71,155,0.1893939393939394,1.3257575757575757,0.1893939393939394,0.1893939393939394,1.3257575757575757,0.3787878787878788,0.3787878787878788,1.1363636363636365,0.3787878787878788,1.7045454545454546,528,132,0.25,0.12575470615243345,0.0840521694214876,0.09795827594123048,1,528,66.38,98.54,54.55,80.85,5.93,3.03,85.8,74.62,54.36,16.86,11.55,3.6,0,6.63,0.38,0.95,5.3,15.34,10.61,0.57,13.07,11.93,2.65,1.89,1.33,22.73,9.66,1.89,0.57,0.19,0.38,0,24.24,2.84,6.82,2.08,0.38,3.6,0.38,0.19,0.38,0,5.87,4.92,0.95,4.92,3.98,0.95,0,0,0.76,0,17.05,2.08,0.38,0,0,0,1.7,14.96,0,0,0,7.01,0,0,0,0,2.46,2.46,0,0,0,0,0.57,0.19,0,0,0,0,0,0.38,0,0.57,0.38,0.95,0.38,0,0,0,0,0,14.58,10.8,0,1.52,8.33,0,0.38,0.76,6.82,3.79,9.09,0.57,0.19,0.19,0,0,0,29.36,15.91,7.39,0.76,0,4.92,0.38,0,0,Trump 2020,1,3.6,-7.01
Macho Man,Village People,pop/rock,thumbs-up,R,Donald Trump,Donald,Trump,2020 Campaign,campaign rally,https://genius.com/Village-people-macho-man-lyrics,2020,Trump 2020,FALSE,692,en,FALSE,macho man,14,71,156,0.9328358208955224,1.8656716417910448,0,0.9328358208955224,2.425373134328358,0.5597014925373134,0.746268656716418,2.2388059701492535,1.1194029850746268,3.171641791044776,541,226,0.4177449168207024,0.12333740589089948,0.09713627658169328,0.11297632413155462,1,536,47.04,67.39,13.83,67.25,19.14,5.04,83.4,57.65,43.28,16.79,13.99,9.51,0,1.87,2.43,0.19,2.8,15.3,7.09,0,9.51,12.5,2.24,1.49,1.12,20.52,2.61,1.12,1.87,0,0.75,1.12,13.62,0.93,5.22,1.49,0.56,2.24,0.75,0,0.19,0,4.48,3.73,0.75,1.31,1.31,0,0,0,0,0,18.47,4.66,0.37,0.56,0,0.19,3.54,13.62,1.31,0,0,9.33,0,0,0,0,1.12,0.37,0,0.37,0,0.37,9.51,0.93,0,0.37,0,0,0,0,0,0,1.12,3.73,0,0,0,0,0,0.37,8.4,6.72,0.93,1.31,3.36,0.56,0,1.49,0.93,3.73,4.85,2.05,5.6,4.29,1.12,0.19,0,37.87,0.37,12.69,0.37,4.66,7.46,12.31,0,0,Trump 2020,1,9.51,-9.33
My Way,Frank Sinatra,pop/rock,thumbs-up,R,Donald Trump,Donald,Trump,2020 Campaign,campaign rally,https://genius.com/frank-sinatra-my-way-lyrics,2020,Trump 2020,FALSE,265,en,FALSE,my way,10,71,157,0.8264462809917356,0.4132231404958678,0.4132231404958678,0.8264462809917356,1.2396694214876034,1.2396694214876034,0,1.6528925619834711,1.6528925619834711,2.479338842975207,242,52,0.21487603305785125,0.23122218690400506,0.15985378258105531,0.1923871582962492,1,242,1.73,1,99,20.23,121,7.02,94.63,81.4,69.01,26.86,17.77,15.29,0,0.41,1.65,0,9.09,17.36,4.55,0.41,8.68,12.4,4.96,11.16,2.48,19.42,6.2,7.44,1.65,0.83,0.83,0,28.93,3.72,9.5,2.07,0,0.83,1.24,0.41,5.37,0,2.48,1.24,1.24,2.07,1.24,0.83,0,0,0.83,0,7.85,4.13,0,0,0,0,2.89,3.31,0,0.41,0,2.07,0,0,0,0,0.41,0,0.41,0,0,0,2.48,0,0,0,0,0,0,0.83,0,0.83,0,0.83,0,0.83,0,0,0.83,0,4.96,9.5,0,1.24,7.02,0.41,0,0.41,4.13,12.4,4.13,1.65,1.65,0,0.83,0.83,0,13.64,0,9.09,0.41,0,4.13,0,0,0,Trump 2020,1,15.29,-2.07
Billie Jean,Michael Jackson,pop/rock,thumbs-up,R,Donald Trump,Donald,Trump,2020 Campaign,campaign rally,https://genius.com/michael-jackson-billie-jean-lyrics,2020,Trump 2020,FALSE,703,en,FALSE,billie jean,9,71,158,0.5226480836236934,0.6968641114982579,0.34843205574912894,0,1.3937282229965158,0.34843205574912894,0.5226480836236934,1.2195121951219512,0.6968641114982579,1.7421602787456445,617,169,0.2739059967585089,0.11270952312228108,0.07690555223388243,0.0813444529204379,1,574,16.76,47.29,43.71,55.48,114.8,3.66,85.89,68.29,55.57,18.64,16.55,7.67,0.52,1.57,5.23,0,2.09,16.2,8.36,0.7,6.1,11.67,3.83,4.18,5.4,17.77,2.61,1.39,3.14,2.26,0.17,0.7,28.05,6.45,7.84,1.39,0.7,0.17,0,0,5.23,0.17,2.26,2.26,0,0.17,0.17,0,0,0,0,0,22.47,6.62,0.17,0,0,0,2.96,17.42,3.14,1.57,6.79,1.92,0,0,0,0,1.39,1.22,0.17,0,0,0,1.39,0,0,0,0,0,0,0.17,0,0,0,0.17,0,0,0,0,0.7,0,4.88,6.45,0,1.74,4.18,0.7,0,0,2.44,4.36,9.76,0.87,4.53,0.17,1.05,3.14,0.35,35.54,0,9.41,0.35,0.35,4.18,21.25,0,0,Trump 2020,1,7.15,4.87
The Best,Tina Turner,pop/rock,thumbs-up,R,Donald Trump,Donald,Trump,2020 Campaign,campaign rally,https://genius.com/tina-turner-the-best-lyrics,2020,Trump 2020,FALSE,357,en,FALSE,the best,8,71,159,0.30959752321981426,0.9287925696594427,0,0.30959752321981426,0.6191950464396285,0.9287925696594427,0.6191950464396285,0.30959752321981426,1.5479876160990713,1.238390092879257,323,104,0.3219814241486068,0.18151940938318648,0.12707787568468684,0.14624613003095974,1,323,10.47,63.87,97.32,96.55,64.6,1.86,97.52,83.9,60.06,25.7,21.05,11.76,1.24,8.05,0,0,4.64,14.86,4.95,0,11.15,8.36,5.57,6.19,3.41,21.05,8.67,4.02,8.36,1.24,5.88,1.24,30.03,8.05,14.55,0.93,0.62,2.79,4.33,1.24,4.95,0,8.05,7.12,0.93,0.31,0.31,0,0,0,0,0,21.67,6.5,0,0,0,0.31,3.1,14.86,2.17,0,0,0,0,0,0,0,0.31,0,0,0,0,0.31,4.33,0.31,0,0,0,0,0,0,1.24,0.62,0,0.93,0,0,0,0,0.31,0,16.41,9.6,0,1.86,8.05,0.62,0,0.31,4.02,3.41,6.19,0,3.72,0,0,2.79,0.93,15.79,0,9.29,1.24,0,5.26,0,0,0,Trump 2020,1,10.52,0
United States of America's national anthem,Francis Scott Key,country,thumbs-up,R,Donald Trump,Donald,Trump,2020 Campaign,campaign rally,https://genius.com/francis-scott-key-united-states-of-americas-national-anthem-lyrics,2020,Trump 2020,FALSE,351,en,FALSE,united states of america's national anthem,8,71,160,1.8808777429467085,2.5078369905956115,0.31347962382445144,2.5078369905956115,2.5078369905956115,0.9404388714733543,0.31347962382445144,2.8213166144200628,2.5078369905956115,3.4482758620689653,316,106,0.33544303797468356,0.20138995682261787,0.14193529307387473,0.1777015437392796,1,319,87.22,88.71,28.84,92.67,29,13.79,79.62,62.38,51.72,10.34,5.96,0,3.45,0.31,1.25,0.31,4.39,20.06,14.11,0.63,11.6,5.96,4.39,6.58,0,9.09,6.27,1.88,7.52,3.76,2.51,2.82,12.54,0.63,3.76,0.94,0.63,0.94,1.25,0,0.63,0,7.84,6.58,1.25,0.94,0.94,0,0,0,0,0,11.6,5.33,0.63,0,0.63,1.57,1.57,6.58,0,0,1.25,0.31,0.31,0.31,0,0,1.88,0,1.57,0,0,0.31,0,0,0,0,0,0,0,0,0,0.31,0,0.63,0,0.31,0,0.94,0.31,0,4.39,15.36,0.31,1.57,9.4,4.08,0.31,0,4.7,2.82,3.13,1.88,1.57,0,0,1.57,0,18.5,1.25,7.52,0.94,1.25,5.33,2.19,0,0,Trump 2020,1,-3.45,0.94
Beat It,Michael Jackson,pop/rock,thumbs-up,R,Donald Trump,Donald,Trump,2020 Campaign,campaign rally,https://genius.com/michael-jackson-beat-it-lyrics,2020,Trump 2020,FALSE,565,en,FALSE,beat it,6,71,161,0.8849557522123894,0.4424778761061947,0.4424778761061947,0.6637168141592921,0.22123893805309736,0.8849557522123894,0.22123893805309736,0.8849557522123894,1.991150442477876,0.6637168141592921,459,185,0.40305010893246185,0.10077971777086821,0.12219086342980148,0.11522721836881128,1,452,1,91.11,1,11.27,452,1.99,82.08,67.92,57.52,30.53,11.95,0,0,6.42,0.22,3.32,18.58,4.42,0.88,0,4.87,13.05,6.64,5.53,5.75,17.04,5.75,0,4.42,0,1.33,3.1,23.89,4.87,10.62,1.55,1.55,4.42,1.77,0.44,2.65,0,7.08,3.1,3.98,0.66,0,0.66,0.22,0,0,0,16.59,3.76,0,0,1.55,1.55,0.66,12.61,0,0,0,0.88,0,0,0,0,0,0,0,0,0,0,0.88,0.22,0,0,0,0,0,0,0,0.44,3.54,0.22,0,0,0,0,0.22,0,5.75,4.65,0,0.88,1.55,2.43,0,0,0.88,0.22,10.18,4.65,3.54,1.77,0,0.22,1.55,33.85,0,7.96,0,0,6.86,19.03,0,0,Trump 2020,1,0,-0.88
Eye of the Tiger,Survivor,pop/rock,thumbs-up,R,Donald Trump,Donald,Trump,2020 Campaign,campaign rally,https://genius.com/survivor-eye-of-the-tiger-lyrics,2020,Trump 2020,FALSE,274,en,FALSE,eye of the tiger,6,71,162,1.1406844106463878,2.661596958174905,0.38022813688212925,2.2813688212927756,1.520912547528517,1.1406844106463878,0.7604562737642585,1.9011406844106464,2.661596958174905,2.661596958174905,263,81,0.30798479087452474,0.20707412101581935,0.21151011594611088,0.2144345866779327,1,263,98.03,89.19,19.13,6.87,263,6.84,89.73,68.82,59.7,12.55,9.89,1.9,2.66,1.52,3.04,0.76,2.66,25.48,19.01,0,18.25,6.84,2.66,3.8,0.76,12.17,3.04,1.52,7.98,2.66,2.66,3.42,15.97,1.14,2.28,1.14,0,0.38,0.38,0,0.38,0,8.37,3.42,4.94,1.14,1.14,0,0,0,0,0,12.93,4.18,0,0,3.04,0,0,8.75,0,0,0,3.8,0,0,0,0,0.76,0,0,0.76,0.38,0,6.46,0.38,0,0,0,0,0,0.38,0.38,0.76,0,1.14,0.38,0,0,0.76,0.38,0,5.32,13.69,1.14,1.14,6.84,4.94,0,0.76,5.32,3.42,6.84,1.14,0.38,0.38,0,0,0,11.41,0,4.18,0,0,7.22,0,0,0,Trump 2020,1,-0.7600000000000002,-3.8
We Are The Champions,Queen,pop/rock,thumbs-up,R,Donald Trump,Donald,Trump,2020 Campaign,campaign rally,https://genius.com/queen-we-are-the-champions-lyrics,2020,Trump 2020,FALSE,218,en,FALSE,we are the champions,6,71,163,2.8708133971291865,2.3923444976076556,1.4354066985645932,1.9138755980861244,0.9569377990430622,1.4354066985645932,0.9569377990430622,1.9138755980861244,3.349282296650718,1.9138755980861244,206,49,0.23786407766990292,0.2735475051264525,0.21558441558441557,0.2626794258373206,1,209,26.41,65.45,90.54,84.47,209,13.88,96.65,73.68,64.59,20.57,18.18,10.05,7.18,0.96,0,0,2.39,18.18,9.57,0,13.88,12.92,0,11.48,3.35,20.1,1.91,1.44,18.18,9.09,9.09,7.66,29.19,3.83,5.74,1.44,1.91,0.48,0,0,1.91,0,13.88,9.09,4.78,0.96,0.48,0.48,0,0,0,0,14.35,2.87,0.48,0.48,1.44,0,0.48,11.48,0,1.44,0,0,0,0,0,0,2.87,0.48,0.96,0,1.44,0,0.48,0,0,0,0,0,0,0,0,0,0,0.48,0,0,0,0.48,0.48,0,10.53,4.78,0,3.35,2.87,0,0,0,6.22,6.7,7.18,1.91,0.96,0.48,0,0.48,0,12.44,0,3.83,0,0,6.7,1.91,0,0,Trump 2020,1,2.870000000000001,0
Tiny Dancer,Elton John,pop/rock,thumbs-up,R,Donald Trump,Donald,Trump,2020 Campaign,campaign rally,https://genius.com/elton-john-tiny-dancer-lyrics,2020,Trump 2020,FALSE,298,en,FALSE,tiny dancer,5,71,164,1.4760147601476015,1.1070110701107012,0.7380073800738007,1.1070110701107012,2.2140221402214024,1.1070110701107012,0.7380073800738007,2.2140221402214024,1.4760147601476015,2.952029520295203,273,106,0.3882783882783883,0.2248416069066351,0.1595140291025552,0.15809371301260183,1,271,71.1,88.35,94.5,35.98,54.2,8.12,84.87,71.22,51.29,16.61,14.76,6.64,0,4.43,3.69,0,1.85,11.81,9.59,0,13.28,4.8,6.27,3.32,1.11,15.5,8.49,5.17,0.74,0.74,0,0,16.97,2.21,5.17,1.85,1.11,1.48,0,1.48,0.74,0,1.85,1.48,0.37,1.48,1.11,0.37,0,0,0,0,16.61,4.43,0,0.74,0,0,1.48,13.65,1.48,0,3.69,1.85,0,0,0,0,5.17,4.43,0,0,0,0.74,0.74,0,0,0,0,0,0,0,0,0,0,0,0,0,0,0,0,0,7.75,18.82,0,3.32,12.18,1.85,2.21,0.74,7.38,2.95,5.9,0.74,1.11,0,0,0.74,0.37,12.92,1.48,8.49,0,0,2.21,0.74,0,0,Trump 2020,1,6.64,1.8399999999999999
I Want It That Way,Backstreet Boys,pop/rock,thumbs-up,R,Donald Trump,Donald,Trump,2020 Campaign,campaign rally,https://genius.com/backstreet-boys-i-want-it-that-way-lyrics,2020,Trump 2020,FALSE,292,en,FALSE,i want it that way,5,71,165,0,0,0,0.36764705882352944,0,1.1029411764705883,0,0,1.1029411764705883,0,271,87,0.3210332103321033,0.19890128465179174,0.16282116294793778,0.16938810006761326,1,272,1,1,82,1,136,4.78,98.53,86.03,65.44,29.04,20.22,12.13,0.74,7.35,0,0,8.82,12.87,5.15,0.74,5.88,9.19,7.35,5.15,11.4,26.1,0.37,0.74,0.74,0.74,0,0,39.71,8.09,25.74,1.1,4.78,10.66,0,0,9.19,0,4.78,0,3.68,2.94,0,1.84,0,0,1.84,0,16.54,8.46,0,0,0,0,8.46,8.09,0,0,0,0,0,0,0,0,0,0,0,0,0,0,0.37,0,0,0,0,0,0,0,0,0,8.09,0,0,0,0,0,0,0,2.57,10.66,0,0.74,6.99,0.37,3.31,0,3.68,1.1,8.82,3.31,6.25,3.68,2.21,0.37,0,17.28,0,2.94,0.37,0,9.56,4.41,0,0,Trump 2020,1,11.39,0
Candle in the Wind,Elton John,pop/rock,thumbs-up,R,Donald Trump,Donald,Trump,2020 Campaign,campaign rally,https://genius.com/elton-john-candle-in-the-wind-lyrics,2020,Trump 2020,FALSE,299,en,FALSE,candle in the wind,5,71,166,0.3389830508474576,1.0169491525423728,0,1.0169491525423728,1.0169491525423728,1.0169491525423728,0.3389830508474576,0.6779661016949152,1.3559322033898304,1.694915254237288,296,75,0.2533783783783784,0.1926011299435028,0.14856045197740114,0.1687954802259887,1,295,34.84,99,90.74,77.82,295,9.15,87.8,78.64,63.39,20.68,18.31,3.73,0.34,11.53,0,1.36,2.37,15.25,8.14,0.34,15.59,5.76,8.14,9.15,1.69,17.63,2.71,3.73,1.02,0.34,0.68,0,24.75,4.41,8.47,4.07,0.68,1.02,1.36,0,2.37,0,5.08,4.41,0.68,0.68,0,0.68,0,0,0.34,0,20.34,2.37,0,1.69,0,0,0.68,16.95,0,0,0,0.34,0,0,0,0,1.02,0.34,0,0,0.68,0,2.71,0.34,0.34,0,0,0,0.34,0,0.34,0.68,0,0,0,0,0,0,0.34,0.34,8.81,9.83,0,1.02,7.8,0.34,0.34,0.34,7.46,13.22,1.36,0,0.34,0,0,0.34,0,2.71,0,1.36,0,0,1.02,0.34,0,0,Trump 2020,1,3.39,-0.34
Sympathy for the Devil,The Rolling Stones,pop/rock,thumbs-up,R,Donald Trump,Donald,Trump,2020 Campaign,campaign rally,https://genius.com/the-rolling-stones-sympathy-for-the-devil-lyrics,2020,Trump 2020,FALSE,530,en,FALSE,sympathy for the devil,4,71,167,0.6451612903225806,1.075268817204301,1.075268817204301,1.075268817204301,1.2903225806451613,0.8602150537634409,0.43010752688172044,1.075268817204301,1.935483870967742,2.3655913978494625,465,128,0.2752688172043011,0.12957997311827957,0.09580645161290322,0.1079855510752688,1,465,32.41,78.38,34.43,67.65,42.27,7.1,81.51,60.43,42.37,18.71,15.48,8.82,0,4.95,0.86,0.43,3.23,12.26,4.3,0.43,7.53,7.31,2.15,6.24,0,15.05,3.01,3.66,3.01,0.43,0,2.58,17.63,1.29,6.24,1.51,1.29,1.29,3.23,0,1.29,0,7.1,4.95,1.94,3.44,2.58,0.65,0,0.22,0,0.22,18.28,6.02,1.08,0.86,0.86,0.86,1.72,12.26,0.65,0.22,0.22,1.94,0.22,0.22,0,0,3.01,1.08,0,0,0.43,1.51,2.58,0.43,0.22,0,0,0,0,0.86,0.65,0.65,1.08,1.08,0.65,0,0,0,0.22,0,8.39,5.16,0.22,0.86,2.8,0.43,0.43,0.43,2.8,4.52,4.95,1.94,10.54,0.86,3.44,3.01,4.09,20.65,0.86,10.75,1.51,0.43,6.02,1.08,0,0,Trump 2020,1,8.82,-1.72
9 to 5,Dolly Parton,country,thumbs-up,D,Elizabeth Warren,Elizabeth,Warren,2020 Campaign,campaign rally,https://genius.com/dolly-parton-9-to-5-lyrics,2020,Warren 2020,FALSE,369,en,FALSE,9 to 5,5,6,168,1.1204481792717087,1.1204481792717087,0,0.8403361344537815,0.8403361344537815,0.5602240896358543,0.5602240896358543,1.4005602240896358,1.4005602240896358,3.081232492997199,357,118,0.33053221288515405,0.1673076010065043,0.1279186250771495,0.1386056117362199,1,357,35.2,98.67,18.43,50.31,357,3.92,91.32,77.87,62.18,21.57,15.13,1.96,0,8.68,0.84,3.64,6.44,18.21,7.56,3.92,13.45,6.16,5.32,6.16,3.36,17.37,3.36,7.28,3.08,0.56,1.68,0.84,19.33,3.64,8.96,1.12,1.68,1.96,2.24,0,1.68,0,3.36,2.24,0.28,0.84,0,0,0,0,0,0,18.21,1.96,0,0,0,0.28,0.56,14.85,0.28,0.28,0,1.68,0,0,0,0,5.88,1.12,0.84,1.4,2.52,0,1.4,0,0,0,0,0,0,0.84,0,0,0.84,1.96,0,0.84,0.28,0.28,0,0,10.08,8.4,0.28,3.36,5.32,0.28,0,0,2.52,0.28,5.32,1.4,1.68,0.84,0.56,0.28,0,15.13,0,3.36,0,0,11.76,0,0,1,Warren 2020,0,1.96,-1.68
Respect,"Aretha Franklin, Otis Redding",pop/rock,question-circle,D,Elizabeth Warren,Elizabeth,Warren,2020 Campaign,campaign rally,https://genius.com/aretha-franklin-respect-lyrics,2020,Warren 2020,FALSE,455,en,FALSE,respect,2,6,169,0.5633802816901409,0.8450704225352113,0,0,0.8450704225352113,0,0.5633802816901409,0.5633802816901409,0.8450704225352113,1.1267605633802817,369,123,0.3333333333333333,0.1618802244360472,0.09293026451391274,0.11320966449101112,1,355,28.77,58.51,65.27,60.04,118.33,3.1,90.42,80.85,55.77,18.59,13.8,8.17,0,5.63,0,0,4.79,12.39,9.86,0,8.45,6.2,11.55,4.79,1.13,15.21,8.73,15.21,2.25,0.28,0,1.97,13.8,1.41,4.51,1.41,0.28,1.13,0.85,0,1.41,0,4.79,3.66,1.13,0.28,0,0.28,0,0,0,0,12.68,4.79,2.25,0.28,0,0.56,0.28,8.17,1.41,0,0,0.28,0,0,0,0,3.1,0,2.54,0,0.56,0,1.13,0.28,0,0,0,0,0,0.85,0,0.56,0.85,2.82,0,0,0.28,0,0,0,7.89,6.76,0,1.97,5.07,0,0,0,3.38,0.56,5.92,1.97,3.1,1.41,1.13,0,0.56,37.75,0,10.7,0.56,0,5.63,20.85,0,1,Warren 2020,0,8.17,-0.28
I Won't Back Down,"Tom Petty , The Heartbreakers",pop/rock,thumbs-up,D,Elizabeth Warren,Elizabeth,Warren,2020 Campaign,campaign rally,https://genius.com/tom-petty-i-wont-back-down-lyrics,2020,Warren 2020,FALSE,249,en,FALSE,i won't back down,1,6,170,0.49019607843137253,0,0.49019607843137253,0.49019607843137253,0.49019607843137253,0.49019607843137253,0,0.49019607843137253,0.49019607843137253,0.49019607843137253,204,82,0.4019607843137255,0.22769607843137257,0.16929100908656147,0.20353299856527976,1,204,1.73,1,99,80.19,204,0.49,96.08,73.53,65.2,20.59,19.12,18.63,0,0.49,0,0,1.47,8.82,0.98,0.49,17.16,17.65,4.41,3.92,16.18,20.1,1.96,0.49,0,0,0,0,22.55,3.43,3.92,0.49,0,0.49,0,0,2.94,0,4.41,3.92,0,0,0,0,0,0,0,0.49,6.86,3.92,0,0,0,0,3.92,2.45,1.96,0,0,0,0,0,0,0,0.49,0,0,0,0,0.49,0,0,0,0,0,0,0,0,0,0,0,0.49,0,0,0,0,0,0,23.53,34.31,0,0.49,33.82,0,0,0,0,0.49,3.43,14.22,6.37,4.41,0,0,1.96,37.75,0,9.31,0,0,15.69,12.75,0,1,Warren 2020,0,18.63,0
Ordinary People,John Legend,r&b,thumbs-up,D,Elizabeth Warren,Elizabeth,Warren,2020 Campaign,campaign rally,https://genius.com/john-legend-ordinary-people-lyrics,2020,Warren 2020,FALSE,395,en,FALSE,ordinary people,1,6,171,0.8264462809917356,1.1019283746556474,0.5509641873278237,0.8264462809917356,1.3774104683195592,1.3774104683195592,1.1019283746556474,0.5509641873278237,1.9283746556473829,1.9283746556473829,369,145,0.39295392953929537,0.1652208606440581,0.10876603020803648,0.118240714353567,1,363,1,99,99,23.72,363,6.06,96.14,80.17,52.34,29.2,17.36,2.2,12.12,3.03,0,0,11.85,7.71,1.65,0.55,5.51,11.57,6.61,4.41,3.03,26.45,9.92,2.75,12.95,12.67,0.28,0,29.48,1.38,14.6,3.03,1.93,1.93,4.68,0,3.31,0,4.41,2.2,1.93,2.48,1.38,1.1,0,0.28,0,0.28,22.04,4.13,0,0,0.83,0.28,1.38,18.18,0.55,0,0.28,0,0,0,0,0,1.93,0.83,0.28,0.28,0,0.55,1.1,0.28,0.28,0,0,0,0,0,0,0,0.28,7.16,0,0,0,0,0,0,21.76,14.6,0,8.82,6.89,0,0,0.55,11.29,1.1,6.06,4.68,3.03,0.83,0.55,1.65,0,22.59,0,8.82,0,0,12.12,1.65,0,1,Warren 2020,0,-9.919999999999998,0.28
All of Me,John Legend,r&b,thumbs-up,D,Elizabeth Warren,Elizabeth,Warren,2020 Campaign,campaign rally,https://genius.com/john-legend-all-of-me-lyrics,2020,Warren 2020,FALSE,366,en,FALSE,all of me,1,6,172,1.466275659824047,1.1730205278592376,0.5865102639296188,1.466275659824047,1.466275659824047,2.0527859237536656,1.466275659824047,0.5865102639296188,2.6392961876832843,1.7595307917888563,344,91,0.26453488372093026,0.1806612742096613,0.135938255293094,0.15063001514614419,1,341,1.5,80.29,98.32,85.4,85.25,9.38,94.72,79.77,68.04,34.6,32.55,18.18,0.29,14.08,0,0,2.05,19.94,0.59,0,12.02,10.85,4.4,7.04,1.17,18.48,4.4,9.09,2.35,0.29,1.76,0.29,34.31,8.8,6.74,0.59,2.05,0.88,0.29,0.88,2.05,0,9.97,6.74,2.35,2.93,1.76,0.29,0,0,0.29,0,21.41,7.04,0,0,0,0,0.59,14.37,0,0,0,0,0,0,0,0,0.29,0.29,0,0,0,0,2.05,0.29,0,0,0,0,0,0,0,0.59,0,0.29,0,0,0,0.88,1.17,0,8.8,7.92,0.29,0.88,5.28,0.29,0.59,0.59,3.81,0.29,13.2,1.76,0.59,0,0.29,0.29,0,19.94,0,6.45,0.88,0,11.73,0.88,0,1,Warren 2020,0,17.89,0
More Than a Feeling,Boston,pop/rock,thumbs-up,D,Elizabeth Warren,Elizabeth,Warren,2020 Campaign,campaign rally,https://genius.com/Boston-more-than-a-feeling-lyrics,2020,Warren 2020,FALSE,241,en,FALSE,more than a feeling,1,6,173,0.45045045045045046,1.3513513513513513,0.45045045045045046,0.9009009009009009,1.3513513513513513,1.3513513513513513,0.9009009009009009,1.3513513513513513,2.7027027027027026,2.2522522522522523,222,75,0.33783783783783783,0.300972972972973,0.16875075075075074,0.20157357357357358,1,222,61.78,1,99,26.09,222,11.71,94.14,74.32,54.05,18.47,15.32,12.61,0,0,0.9,1.8,3.15,14.41,8.56,0,18.02,2.7,3.15,14.86,0,17.57,4.95,7.66,0,0,0,0,24.32,0,14.86,6.76,1.8,0.45,0.45,0,5.41,0.9,2.25,1.35,0.9,0.45,0,0.45,0,0,0,0,3.6,0,0,0,0,0,0,3.6,0,0,1.35,0,0,0,0,0,4.05,4.05,0,0,0,0,1.8,0.45,0,0,0,0,0,0,0,0,0,0,0,0,0.45,0,0.45,0,7.66,26.13,0,5.41,7.66,4.5,4.05,5.86,9.01,6.76,2.25,0,0,0,0,0,0,12.61,0,0.45,0,0,4.05,8.11,0,1,Warren 2020,0,12.61,1.35
Say It Ain't So,"Weezer, Rivers Cuomo",pop/rock,thumbs-up,D,Andrew Yang,Andrew,Yang,2020 Campaign,campaign rally,https://genius.com/weezer-say-it-aint-so-lyrics,2020,Yang 2020,FALSE,191,en,FALSE,say it ain't so,3,17,174,1.6129032258064515,1.075268817204301,0,1.075268817204301,1.6129032258064515,0.5376344086021505,1.075268817204301,1.6129032258064515,2.150537634408602,3.225806451612903,187,68,0.3636363636363637,0.31283997469955727,0.24112112586970275,0.28225015812776727,1,186,4.68,16.34,73.05,44.38,186,12.37,88.71,72.58,55.91,19.35,11.83,7.53,0,4.3,0,0,7.53,13.98,5.91,0.54,7.53,14.52,7.53,6.45,4.3,23.66,4.84,2.15,2.15,1.08,0.54,0,22.04,1.08,9.14,1.61,0,1.61,2.69,0,4.84,0,8.06,4.84,3.23,5.38,2.69,2.69,0,0.54,1.61,0,16.13,6.45,0,0,0.54,0,4.3,7.53,2.15,0,0,2.15,0,0,0,0,0.54,0,0,0,0,0.54,3.76,2.15,0.54,0,0,0,0,0,0.54,0,0,0.54,0,0,0,0,0,0.54,6.99,10.75,0,0.54,5.91,0.54,1.08,2.69,2.69,2.15,11.83,2.15,3.76,0,2.69,1.08,0,14.52,0,4.3,0,0,8.06,2.15,0,0,Yang 2020,0,7.53,-2.15
Don't You (Forget About Me),Simple Minds,pop/rock,question-circle,D,Andrew Yang,Andrew,Yang,2020 Campaign,campaign rally,https://genius.com/simple-minds-dont-you-forget-about-me-lyrics,2020,Yang 2020,FALSE,307,en,FALSE,don't you (forget about me),2,17,175,0.38461538461538464,0.38461538461538464,0.38461538461538464,1.5384615384615385,1.5384615384615385,1.1538461538461537,0.38461538461538464,1.1538461538461537,2.6923076923076925,3.076923076923077,305,100,0.32786885245901637,0.21169615384615384,0.16609230769230768,0.17613076923076926,1,260,6.51,89.5,99,43.1,28.89,9.62,93.85,77.31,56.92,23.46,21.15,9.23,1.54,10.38,0,0,2.31,6.15,1.54,0,15.38,12.31,5.38,5.77,6.54,26.54,2.31,0,3.46,1.92,1.15,0.38,24.62,0.77,8.46,1.92,0.38,0.38,1.92,0.38,1.92,1.92,3.85,2.69,1.15,1.15,0.38,0.77,0.77,0,0,0,24.23,7.69,0,0,0,0.38,6.15,15.77,1.54,0,0,0,0,0,0,0,1.15,0.77,0,0.38,0,0,0.77,0,0,0,0,0,0,0,0,0,0,0.77,0,0,0,0.38,0.77,0.38,12.69,17.31,0.38,7.31,10,1.54,0,0.77,3.08,0.38,9.62,5.38,5,3.08,0,0.38,1.54,44.23,0,15,3.08,0,8.85,17.31,0,0,Yang 2020,0,7.69,0
When Doves Cry,Prince,pop/rock,question-circle,D,Andrew Yang,Andrew,Yang,2020 Campaign,campaign rally,https://genius.com/prince-when-doves-cry-lyrics,2020,Yang 2020,FALSE,460,en,FALSE,when doves cry,2,17,176,0.8264462809917356,1.1019283746556474,0.8264462809917356,0.8264462809917356,2.203856749311295,1.1019283746556474,0.8264462809917356,1.3774104683195592,2.479338842975207,2.7548209366391183,365,119,0.32602739726027397,0.15005208695048267,0.13184248906174043,0.1340764404935528,1,363,1,68.97,52.45,1.71,36.3,6.89,91.74,77.69,57.3,18.18,14.33,6.34,0.83,4.96,1.65,0.55,3.86,10.47,3.03,0,6.61,11.57,19.56,6.89,4.41,19.56,4.41,0.28,4.68,3.31,0.28,1.1,25.9,2.75,10.47,2.2,2.75,1.65,4.13,0,1.65,0,9.09,3.03,6.06,6.34,0.28,6.06,0.28,0.28,5.51,0,18.46,6.06,0,0,0.28,0.28,5.51,11.57,3.03,0.55,2.48,1.38,0,0,0,0,0,0,0,0,0,0,1.1,0,0,0,0,0,0,0,0,0,0,0.28,0,1.65,0,0,0,0.28,4.96,11.29,0,1.38,4.41,0.55,1.93,3.31,5.79,0.28,10.19,0.55,9.64,0.28,6.89,2.75,0,34.71,0,14.33,2.48,0,7.44,10.47,0,0,Yang 2020,0,5.51,1.1
No Scrubs,"TLC, Weezer",pop/rock,thumbs-up,D,Andrew Yang,Andrew,Yang,2020 Campaign,campaign rally,https://genius.com/tlc-no-scrubs-lyrics,2020,Yang 2020,FALSE,628,en,FALSE,no scrubs,1,17,177,0.16835016835016836,0.5050505050505051,0.3367003367003367,0.16835016835016836,0.5050505050505051,0.3367003367003367,0.16835016835016836,0.3367003367003367,0.6734006734006734,0.5050505050505051,583,159,0.2727272727272727,0.10665353747114753,0.07815683035808822,0.09046439235118482,1,594,21.19,1.82,4.48,54.21,594,2.86,87.04,73.74,58.75,18.01,14.65,8.75,0,2.86,3.03,0,3.37,21.89,7.24,0,12.96,10.1,1.01,2.69,15.49,19.19,2.19,0.67,6.06,3.87,1.85,0.34,27.78,9.93,9.6,0.51,0.17,8.08,0.67,0,3.03,0,3.54,2.69,0.51,2.19,2.19,0,0,0,0,0.51,17.34,4.71,0,0,0,0,1.85,12.63,0.84,3.7,0.17,5.72,0.17,0,0,0.17,0.67,0.17,0.17,0.17,0.17,0,0.67,0.17,0,0,0,0,0,0,0,0,3.87,2.36,0.34,0,0,0,0,0,17.68,7.24,0,2.19,4.88,0.17,0,0,0.51,0.34,10.94,1.01,4.38,2.86,0.67,0.84,0,20.37,0.51,5.05,0,0,12.79,2.02,0,0,Yang 2020,0,8.75,-5.55
Africa,Toto,pop/rock,thumbs-up,D,Andrew Yang,Andrew,Yang,2020 Campaign,campaign rally,https://genius.com/toto-africa-lyrics,2020,Yang 2020,FALSE,304,en,FALSE,africa,1,17,178,0.3472222222222222,2.4305555555555554,0.3472222222222222,0.6944444444444444,1.0416666666666667,1.3888888888888888,0.6944444444444444,1.3888888888888888,2.4305555555555554,1.7361111111111112,288,85,0.2951388888888889,0.21062091503267974,0.143202614379085,0.1643423202614379,1,288,65.07,28.59,93.31,64,288,7.99,89.58,73.61,62.85,17.71,11.81,7.29,1.04,1.74,1.39,0.35,5.9,17.01,9.38,1.74,18.4,11.81,4.17,3.47,2.08,19.44,4.51,5.21,1.04,1.04,0,0,20.49,3.13,5.9,1.04,0,2.08,1.74,0,2.08,0.35,4.86,3.82,1.04,1.04,0,1.04,0.69,0,0.35,0,12.15,5.21,0.35,0,0,0,1.74,6.6,0,0,1.04,2.43,0,0,0,0,3.82,0,0,0.35,0,3.47,0,0,0,0,0,0,0,0,0,0.35,0.69,2.43,0,0,0,0,0,0,6.25,15.63,0.35,1.74,11.11,0.35,1.74,0,6.6,2.78,5.56,2.43,4.51,2.43,0,0,2.08,13.89,0,3.13,0,0,6.94,3.82,0,0,Yang 2020,0,6.25,-1.3900000000000001
Undone- The Sweater Song,Weezer,pop/rock,thumbs-up,D,Andrew Yang,Andrew,Yang,2020 Campaign,campaign rally,https://genius.com/weezer-undone-the-sweater-song-lyrics,2020,Yang 2020,FALSE,358,en,FALSE,undone- the sweater song,1,17,179,1.0204081632653061,1.7006802721088434,1.0204081632653061,1.3605442176870748,2.0408163265306123,1.3605442176870748,0,1.7006802721088434,1.3605442176870748,2.380952380952381,295,102,0.34576271186440677,0.18575096705348806,0.16539949313058558,0.15510204081632653,1,294,13.76,25.41,95.05,29.39,32.67,7.48,90.14,79.59,52.72,23.13,18.37,12.93,1.02,3.74,0,0.34,4.76,10.54,4.76,0,11.22,11.22,4.42,6.8,1.36,26.87,5.44,0.34,5.44,3.4,0.34,1.7,18.71,0.68,8.16,1.7,0.34,4.08,2.04,0.68,1.7,0,5.44,2.72,2.04,1.02,0.68,0.34,0,0.34,0,0.68,11.22,2.04,0,0,0,0,1.02,9.18,0,1.36,0,2.38,0,0,0,0,1.36,1.02,0,0,0,0.34,1.7,0,0,0,0,0.34,0,0.34,0.34,0,2.38,0.68,0,0,0,0,0,0,8.84,13.95,1.02,5.1,8.16,1.7,1.02,0,1.7,2.38,5.1,3.06,8.84,2.72,2.04,1.36,2.72,29.59,0,13.61,2.72,0,7.48,5.78,0,0,Yang 2020,0,11.91,-2.38
Everybody Wants to Rule the World,"Weezer, Tears for Fears",pop/rock,thumbs-up,D,Andrew Yang,Andrew,Yang,2020 Campaign,campaign rally,https://genius.com/weezer-everybody-wants-to-rule-the-world-lyrics,2020,Yang 2020,FALSE,167,en,FALSE,everybody wants to rule the world,1,17,180,0,1.8518518518518519,0,0.6172839506172839,1.8518518518518519,1.2345679012345678,0,1.8518518518518519,3.0864197530864197,2.4691358024691357,162,57,0.35185185185185186,0.39199696772796194,0.26819363222872,0.3527507039202946,1,162,18.48,85.32,73.65,90.05,81,14.81,96.91,70.37,56.79,19.75,11.11,3.7,1.85,4.32,0,1.23,8.64,13.58,6.79,0.62,11.73,8.02,9.26,4.32,5.56,19.75,2.47,1.85,10.49,4.94,0.62,4.94,30.25,11.11,11.73,2.47,1.85,6.17,1.23,0,0.62,0,7.41,6.17,1.23,3.09,1.85,1.23,0,0,1.23,0,16.67,3.7,2.47,0.62,0,0,0.62,12.35,1.23,0,0.62,0,0,0,0,0,0.62,0,0.62,0,0,0,0.62,0,0,0,0,0,0,0,0,1.85,3.7,0,0.62,0,0,0,0,0,8.02,15.43,0,2.47,10.49,1.85,0,0,8.02,3.09,6.79,6.17,0,0,0,0,0,8.64,0,1.85,0.62,0,5.56,0.62,0,0,Yang 2020,0,1.85,0.62
Take On Me,a-ha,pop/rock,thumbs-up,D,Andrew Yang,Andrew,Yang,2020 Campaign,campaign rally,https://genius.com/a-ha-take-on-me-lyrics,2020,Yang 2020,FALSE,242,en,FALSE,take on me,1,17,181,0,0,0,0,1.015228426395939,0,0,0.5076142131979695,0,1.015228426395939,197,65,0.3299492385786802,0.3528074970714564,0.20778602108551347,0.21147208121827413,1,197,26.42,1,99,42.84,65.67,3.55,96.45,92.89,66.5,27.92,23.35,19.8,0.51,3.05,0,0,4.57,7.61,2.54,1.02,22.34,13.71,2.54,4.06,1.52,33.5,3.05,4.57,1.02,0.51,0.51,0,19.8,1.52,5.08,1.52,0,0,1.52,0,3.05,0.51,2.54,2.03,0.51,1.02,0.51,0.51,0.51,0,0,0,8.63,4.06,0.51,0,0,0,3.05,3.55,0,0,0,0,0,0,0,0,0.51,0.51,0,0,0,0,0,0,0,0,0,0,0,0,0,0.51,0,13.2,0,0,0,0,0.51,0,21.32,7.61,0,2.54,4.57,0,0,0,4.57,3.05,6.09,4.06,2.03,0,1.52,0.51,0,35.03,0,2.54,1.02,0,11.17,20.3,0,0,Yang 2020,0,19.29,0
Beverly Hills,"Weezer, Rivers Cuomo",pop/rock,thumbs-up,D,Andrew Yang,Andrew,Yang,2020 Campaign,campaign rally,https://genius.com/weezer-beverly-hills-lyrics,2020,Yang 2020,FALSE,332,en,FALSE,beverly hills,1,17,182,0.36363636363636365,1.4545454545454546,1.4545454545454546,0.7272727272727273,1.8181818181818181,0,0.7272727272727273,1.8181818181818181,1.8181818181818181,3.272727272727273,277,69,0.2490974729241877,0.24194993412384716,0.16879578392621872,0.19987351778656123,1,275,39.7,8.05,58.28,47.86,91.67,12.36,68,57.82,49.09,15.64,11.27,8.73,0,1.09,0,1.45,4.36,12.73,6.18,0,11.64,9.82,5.09,3.64,3.64,14.91,2.18,1.82,2.55,0.73,0,1.82,16,2.91,5.82,0.36,0.73,2.18,1.82,0,1.09,0,2.91,2.18,0.36,0.36,0.36,0,0,0,0,0.36,6.18,0.36,0,0,0,0,0,5.09,0,0.36,0.36,0.36,0.36,0,0,0.36,2.91,2.18,0,0.36,0,0.36,0.73,0,0,0,0,0,0,0,0,0,1.82,1.09,0,0,0,0,0,0,8.36,10.91,0.73,1.09,8.36,1.82,0.36,0.36,1.82,1.09,5.82,1.82,1.82,0.73,0.73,0.36,0,30.91,0,12,0.73,0,9.45,8.73,0,0,Yang 2020,0,8.73,0
Dark Star,The Grateful Dead,pop/rock,question-circle,D,Andrew Yang,Andrew,Yang,2020 Campaign,campaign rally,https://genius.com/the-grateful-dead-dark-star-lyrics,2020,Yang 2020,FALSE,80,en,FALSE,dark star,1,17,183,1.2820512820512822,1.2820512820512822,0,1.2820512820512822,1.2820512820512822,3.8461538461538463,0,1.2820512820512822,3.8461538461538463,3.8461538461538463,78,36,0.4615384615384616,0.732977207977208,0.5159188034188035,0.5767806267806268,1,78,97.88,98.75,30.98,38.83,26,28.21,66.67,48.72,43.59,8.97,7.69,0,5.13,2.56,0,0,1.28,8.97,7.69,0,19.23,5.13,0,2.56,0,8.97,1.28,0,6.41,5.13,0,1.28,11.54,0,7.69,2.56,2.56,2.56,0,0,0,0,1.28,1.28,0,0,0,0,0,0,0,0,10.26,2.56,0,2.56,0,0,0,8.97,0,0,1.28,0,0,0,0,0,0,0,0,0,0,0,2.56,1.28,0,0,1.28,0,0,0,0,0,0,0,1.28,0,0,0,0,0,3.85,17.95,1.28,3.85,10.26,3.85,0,1.28,1.28,0,2.56,2.56,0,0,0,0,0,2.56,0,0,2.56,0,0,0,0,0,Yang 2020,0,-5.13,1.28
Believer,Imagine Dragons,pop/rock,thumbs-up,D,Andrew Yang,Andrew,Yang,2020 Campaign,campaign rally,https://genius.com/imagine-dragons-believer-lyrics,2020,Yang 2020,FALSE,481,en,FALSE,believer,1,17,184,0.9900990099009901,0.7425742574257426,0.24752475247524752,1.4851485148514851,0.9900990099009901,2.227722772277228,0.49504950495049505,0.9900990099009901,2.722772277227723,2.722772277227723,409,141,0.34474327628361856,0.13196229197387824,0.11475493294010251,0.1217593567867425,1,404,69.32,41.53,98.67,1.02,31.08,8.42,88.86,70.54,56.19,24.5,19.8,12.38,0,5.94,0,1.49,4.7,19.8,10.89,1.49,12.38,4.46,0.99,2.48,0.74,16.09,3.47,2.72,0.74,0,0,0.74,18.07,1.98,10.15,5.45,3.47,0.74,0.25,0,0.5,0,6.44,1.49,4.95,5.2,0.99,4.21,0,0.5,0.25,0,11.14,2.48,0,0.25,0,0,1.49,7.92,0.25,0,0.25,0,0,0,0,0,0.99,0.25,0,0.5,0,0.25,6.19,3.47,3.22,0,0,0,0,0,0.25,0,0.25,0.74,0,0,0.25,0,3.22,0,4.21,14.6,0.25,3.22,6.93,0.5,0.5,3.71,2.72,7.43,1.49,0.74,1.73,0.25,0,1.49,0,25.74,0,16.83,0,2.97,3.96,1.98,0,0,Yang 2020,0,12.38,0.25
Young Americans,David Bowie,pop/rock,thumbs-up,D,Andrew Yang,Andrew,Yang,2020 Campaign,campaign rally,https://genius.com/david-bowie-young-americans-lyrics,2020,Yang 2020,FALSE,619,en,FALSE,young americans,1,17,185,0.3875968992248062,1.3565891472868217,0.5813953488372093,0.9689922480620154,1.744186046511628,1.744186046511628,0.5813953488372093,0.9689922480620154,2.5193798449612403,1.937984496124031,519,134,0.2581888246628131,0.11358613907208145,0.08905617262524587,0.09480504454471826,1,516,38.12,83.51,11.94,53.24,30.35,13.37,91.28,71.71,51.16,17.05,14.53,3.1,0.39,4.07,6.4,0.39,2.52,19.19,9.5,0.58,5.23,6.2,4.46,4.46,3.1,18.02,8.53,5.43,2.33,0.97,0.19,1.16,27.91,5.04,10.08,0.78,0.19,5.04,0.58,0,3.68,0.39,4.65,3.29,1.16,1.55,0.78,0.78,0,0,0.58,0.19,16.09,2.52,0.19,0.19,0,0.39,0.97,13.76,0.58,0,3.88,3.68,7.36,0.39,6.98,0,2.13,0.58,0.19,0.39,0.39,0.58,2.33,0.78,0.19,0,0.19,0,0.19,0,0.39,0.78,4.07,2.71,0,0,0,0,0,0.19,7.17,7.17,0.19,1.36,4.26,0.78,0.78,0.19,9.88,2.91,6.59,2.91,0.19,0,0,0.19,0,25.58,0,6.4,3.1,0,4.26,11.82,0,0,Yang 2020,0,2.71,0.19999999999999973
Unbelievable,EMF,pop/rock,thumbs-up,D,Andrew Yang,Andrew,Yang,2020 Campaign,campaign rally,https://genius.com/emf-unbelievable-lyrics,2020,Yang 2020,FALSE,383,en,FALSE,unbelievable,1,17,186,0.6060606060606061,0.30303030303030304,0.30303030303030304,0.6060606060606061,0.30303030303030304,0.6060606060606061,0.30303030303030304,0.30303030303030304,1.8181818181818181,1.2121212121212122,330,95,0.2878787878787879,0.1731578947368421,0.12891547049441784,0.1524274322169059,1,330,3.8,96.39,89.89,24.08,30,9.39,96.36,87.27,68.18,33.64,22.42,8.79,0.61,13.03,0,0,11.21,16.67,7.88,0.3,11.21,13.33,4.85,4.85,2.42,26.97,6.67,2.73,0.91,0.61,0.3,0,25.76,3.03,7.58,3.94,0,0.3,1.21,0,2.73,0,2.42,1.21,0.91,0.91,0.3,0.3,0,0.3,0,0,23.33,9.39,0,0.3,0,0,6.36,13.94,0,0,0,0,0,0,0,0,0.61,0,0,0,0.61,0,0,0,0,0,0,0,0,0,0,0.61,0,0,0,0.61,0,0,0,0,6.06,7.58,0.61,2.12,3.64,1.21,0.61,0,4.24,4.24,9.7,2.42,0.91,0,0,0.61,0.3,25.15,0,6.36,1.82,1.21,9.09,6.67,0,0,Yang 2020,0,8.18,0
United States of America's national anthem,Francis Scott Key,patriotic,thumbs-up,D,Andrew Yang,Andrew,Yang,2020 Campaign,campaign rally,https://genius.com/francis-scott-key-united-states-of-americas-national-anthem-lyrics,2020,Yang 2020,FALSE,351,en,FALSE,united states of america's national anthem,1,17,187,1.8808777429467085,2.5078369905956115,0.31347962382445144,2.5078369905956115,2.5078369905956115,0.9404388714733543,0.31347962382445144,2.8213166144200628,2.5078369905956115,3.4482758620689653,316,106,0.33544303797468356,0.20138995682261787,0.14193529307387473,0.1777015437392796,1,319,87.22,88.71,28.84,92.67,29,13.79,79.62,62.38,51.72,10.34,5.96,0,3.45,0.31,1.25,0.31,4.39,20.06,14.11,0.63,11.6,5.96,4.39,6.58,0,9.09,6.27,1.88,7.52,3.76,2.51,2.82,12.54,0.63,3.76,0.94,0.63,0.94,1.25,0,0.63,0,7.84,6.58,1.25,0.94,0.94,0,0,0,0,0,11.6,5.33,0.63,0,0.63,1.57,1.57,6.58,0,0,1.25,0.31,0.31,0.31,0,0,1.88,0,1.57,0,0,0.31,0,0,0,0,0,0,0,0,0,0.31,0,0.63,0,0.31,0,0.94,0.31,0,4.39,15.36,0.31,1.57,9.4,4.08,0.31,0,4.7,2.82,3.13,1.88,1.57,0,0,1.57,0,18.5,1.25,7.52,0.94,1.25,5.33,2.19,0,0,Yang 2020,0,-3.45,0.94
Return of the Mack,Mark Morrison,r&b,thumbs-up,D,Andrew Yang,Andrew,Yang,2020 Campaign,campaign rally,https://genius.com/mark-morrison-return-of-the-mack-lyrics,2020,Yang 2020,FALSE,617,en,FALSE,return of the mack,1,17,188,0.38684719535783363,1.1605415860735009,0.38684719535783363,1.1605415860735009,0.5802707930367504,0.9671179883945842,0.38684719535783363,0.9671179883945842,1.1605415860735009,1.3539651837524178,520,156,0.3,0.11278951544908991,0.08117467638744234,0.095852551703615535,1,517,22.12,49.26,99,15.87,517,1.74,93.04,78.72,59.96,24.95,20.5,12.19,0,7.54,0.77,0,4.45,13.73,6.96,0.58,12.19,10.06,5.22,4.26,1.35,22.82,3.29,2.51,0.97,0,0.77,0.19,23.02,2.9,7.54,3.48,0.77,0.97,0.19,0.19,2.13,0,2.71,1.16,1.55,1.35,0.19,1.16,0,0,0.58,0,14.12,4.45,0,0,0,0.19,1.74,9.67,0.77,0,0.97,0.19,0,0,0,0,1.16,0.58,0,0,0,0.58,0.77,0.39,0.39,0,0,0,0,0,0.19,0.58,0,0.19,0,0,0,0.19,0.39,0,11.61,17.41,0.77,8.32,12.96,0.97,0.58,0.77,3.87,7.35,2.71,1.55,3.09,0.19,1.16,1.74,0.19,24.37,0,5.03,0,0,4.45,14.89,0,0,Yang 2020,0,12.19,0.78
We Take Care of Our Own,Bruce Springsteen,pop/rock,thumbs-up,D,Joe Biden,Joe,Biden,2024 Campaign,campaign rally,https://genius.com/bruce-springsteen-we-take-care-of-our-own-lyrics,2024,Biden 2024,FALSE,211,en,FALSE,we take care of our own,1,7,189,0.5025125628140703,1.0050251256281406,0.5025125628140703,0.5025125628140703,1.5075376884422111,1.0050251256281406,0,0.5025125628140703,1.5075376884422111,3.0150753768844223,199,63,0.3165829145728643,0.3606444923027838,0.228770838318577,0.2603413894871181,1,199,54.48,99,42.55,99,24.88,10.05,88.44,71.36,53.77,20.1,14.07,2.01,12.06,0,0,0,6.03,21.61,8.54,0,13.57,6.53,4.52,3.52,2.51,23.12,1.01,0,20.1,12.56,0.5,7.04,7.54,1.51,2.51,0,0,0,0,1.01,1.51,0,9.05,8.54,0.5,0.5,0.5,0,0,0,0,0,21.11,8.54,7.04,0,0,0,0,12.56,0,0,0,0,1.01,1.01,0,0,2.01,0,0.5,0.5,0,1.01,3.02,0,0,0,0,0,0,0,0,0,0,6.03,0,0,0,0,0,0,8.54,16.08,0,4.02,9.05,2.51,0.5,0,0.5,4.02,5.53,1.01,0,0,0,0,0,13.57,0,2.51,3.52,0,7.54,0,0,0,Biden 2024,0,-10.05,0
You Make My Dreams (Come True),Daryl Hall and John Oates,pop/rock,thumbs-up,D,Joe Biden,Joe,Biden,2024 Campaign,campaign rally,https://genius.com/daryl-hall-and-john-oates-you-make-my-dreams-come-true-lyrics,2024,Biden 2024,FALSE,451,en,FALSE,you make my dreams (come true),1,7,190,0.6211180124223602,0,0.3105590062111801,0.3105590062111801,0.6211180124223602,0.3105590062111801,0.6211180124223602,0.6211180124223602,0.3105590062111801,1.5527950310559007,370,75,0.20270270270270271,0.1971304347826087,0.12784265010351967,0.16234368530020704,1,322,6.41,99,68.71,77.79,161,9.94,88.82,72.36,53.42,31.06,28.57,9.01,0,18.94,0,0.62,2.48,8.07,3.11,0,7.45,6.52,5.59,3.11,0.93,15.53,3.42,0.62,0.31,0.31,0,0,16.77,0.62,9.63,1.55,3.42,1.24,0.31,0,1.24,0,4.35,4.04,0.31,0.62,0.31,0.31,0,0,0,0,21.43,0.93,0,0,0,0,0.93,20.5,0,0,0.93,0,0,0,0,0,0,0,0,0,0,0,0.93,0,0,0,0,0,0,0.31,0,0,0.31,0.62,0,0.31,0,0,0,0,6.21,6.83,0.62,2.8,4.66,0,0.93,0.31,2.8,3.42,1.86,0.62,17.7,0,3.11,3.42,11.18,62.11,0,28.57,0.31,0,7.14,26.09,0,0,Biden 2024,0,9.01,0.93
Hard to Handle,The Black Crowes,pop/rock,thumbs-up,D,Joe Biden,Joe,Biden,2024 Campaign,campaign rally,https://genius.com/the-black-crowes-hard-to-handle-lyrics,2024,Biden 2024,FALSE,385,en,FALSE,hard to handle,1,7,191,0.29069767441860467,0.5813953488372093,0,0.29069767441860467,0.872093023255814,0,0.29069767441860467,0.872093023255814,0.5813953488372093,2.3255813953488373,343,124,0.36151603498542273,0.1803450862715679,0.1221961740435109,0.1478244561140285,1,344,15.51,45.22,82.44,61.38,344,2.91,91.28,74.71,53.2,20.06,15.99,10.17,0,5.52,0.29,0,4.07,11.63,3.49,1.74,10.47,9.01,5.81,6.4,2.62,18.31,7.27,5.81,2.33,1.16,0.29,0.87,21.8,2.33,7.85,0.58,1.16,2.03,0,0.29,4.07,0,3.2,2.91,0.29,2.33,2.03,0.29,0.29,0,0,0,15.7,4.36,0,0.87,0,0,2.03,12.21,2.91,0,1.16,3.49,0,0,0,0,2.62,0,0.58,0,2.03,0,0.87,0.58,0,0,0,0,0,0,0,1.16,0.58,2.91,0,0,0,0,0,0,14.24,9.59,0,2.62,4.36,1.16,0.29,2.91,3.78,0.58,10.17,2.03,7.27,2.33,3.49,1.45,0,23.55,0,12.21,0,0,11.34,0,0,0,Biden 2024,0,10.17,-2.33
Takin' Care of Business,Bachman-Turner Overdrive,pop/rock,thumbs-up,D,Joe Biden,Joe,Biden,2024 Campaign,campaign rally,https://genius.com/bachman-turner-overdrive-takin-care-of-business-lyrics,2024,Biden 2024,FALSE,466,en,FALSE,takin' care of business,1,7,192,0.2364066193853428,1.6548463356973995,0.2364066193853428,0.7092198581560284,1.4184397163120568,0,0.7092198581560284,0.9456264775413712,0.9456264775413712,1.6548463356973995,427,176,0.41217798594847777,0.1573380077369439,0.11213733075435203,0.13178191489361704,1,423,59.95,84.01,35.52,99,60.43,14.18,89.6,69.03,48.23,13.48,10.87,4.02,1.65,4.49,0,0.24,2.6,10.87,3.07,1.42,14.42,8.51,1.89,6.15,0.71,23.88,1.42,7.33,4.73,1.89,2.84,0,20.33,5.91,4.26,0,0.24,1.42,2.6,0,1.89,0,10.64,9.69,0.95,1.65,1.18,0.47,0,0.47,0,0,17.49,8.27,6.86,0,0.47,0,0.71,8.75,0,0,0.47,0,0,0,0,0,11.35,0.47,0,10.4,8.04,0,0.47,0.47,0,0,0,0,0,0,0,0,0,3.31,0,0,0,0,0.71,0,12.53,8.98,1.89,1.18,4.96,1.18,0.95,0,5.44,4.02,3.31,0.24,2.84,0.71,1.89,0.24,0,23.64,0,7.8,0,1.42,12.53,1.89,0,0,Biden 2024,0,2.3699999999999997,0.47
Revolution,The Beatles,pop/rock,thumbs-up,D,Joe Biden,Joe,Biden,2024 Campaign,campaign rally,https://genius.com/the-beatles-revolution-lyrics,2024,Biden 2024,FALSE,214,en,FALSE,revolution,1,7,193,2.127659574468085,2.127659574468085,0.5319148936170213,1.5957446808510638,1.0638297872340425,1.0638297872340425,1.0638297872340425,2.6595744680851063,2.127659574468085,5.319148936170213,188,57,0.30319148936170215,0.3455767077267637,0.22863008585293018,0.3219484882418813,1,188,1,99,24.75,92.61,37.6,18.62,96.28,85.11,69.15,27.13,21.28,2.66,3.19,15.43,0,0,5.85,10.11,4.26,0,8.51,13.3,17.55,3.19,2.66,27.66,13.83,3.72,6.91,3.72,1.6,1.6,32.45,3.19,19.68,6.38,2.66,4.26,2.13,0.53,3.72,0,7.45,6.38,1.06,0.53,0,0.53,0,0.53,0,0,25.53,4.79,0.53,0,0,0,4.26,20.74,0.53,0,0,0.53,0.53,0.53,0,0,1.6,0,0,1.06,0.53,0,0.53,0,0,0,0,0,0,0,0,1.06,2.66,0.53,0,0,0,0,0,0,13.3,2.66,0,0.53,2.13,0.53,0,0,3.19,0,7.98,5.85,15.96,3.72,12.23,0,0,21.81,0,11.17,1.6,1.06,7.98,0,0,0,Biden 2024,0,-0.5299999999999998,-0.53
I'm Good,"David Guetta, Bebe Rexha",electronic,thumbs-up,D,Joe Biden,Joe,Biden,2024 Campaign,campaign rally,https://genius.com/david-guetta-im-good-lyrics,2024,Biden 2024,FALSE,313,en,FALSE,i'm good,1,7,194,0,0.7434944237918215,0,0,0.7434944237918215,0,0.37174721189591076,0.37174721189591076,0,0.7434944237918215,275,79,0.2872727272727273,0.2566279233918404,0.14292503882170252,0.18625005882076137,1,269,1,1,99,95.69,269,7.43,98.51,73.98,56.51,25.65,21.56,18.22,0.37,2.97,0,0,4.09,10.41,4.46,0,8.18,17.47,7.06,4.46,5.58,27.51,7.06,1.49,2.23,0.37,1.49,0.37,31.6,1.86,10.04,7.06,1.12,0.74,0,0,0.74,0,7.43,5.95,0,5.2,5.2,0,0,0,0,1.49,10.78,0.37,0.37,0,0,0,0,8.55,4.83,0,1.49,0,0,0,0,0,0,0,0,0,0,0,0.37,0,0,0,0,0,0,0,0,0.74,0,1.86,0,0.37,0.74,0,0,0,19.7,13.38,0,3.35,7.81,0,0,3.72,2.97,0,15.99,0.74,13.01,4.09,8.18,0.74,0,44.98,0,17.84,0,0,23.42,3.72,0,0,Biden 2024,0,17.849999999999998,1.49
Higher Love,"Kygo, Whitney Houston",electronic,thumbs-up,D,Joe Biden,Joe,Biden,2024 Campaign,campaign rally,https://genius.com/whitney-houston-higher-love-lyrics,2024,Biden 2024,FALSE,613,en,FALSE,higher love,1,7,195,0.9727626459143969,1.556420233463035,0.7782101167315175,0.9727626459143969,1.3618677042801557,1.1673151750972763,0.5836575875486382,1.3618677042801557,1.9455252918287937,2.140077821011673,519,235,0.4527938342967245,0.14561967050252503,0.09082539945359716,0.11204238761486879,1,514,45.37,2.09,99,99,171.33,4.28,98.25,84.24,49.61,21.4,16.54,14.2,0.78,1.36,0,0,4.86,12.84,8.75,0,8.56,6.61,3.11,2.14,2.14,24.51,10.31,0.39,2.72,0.97,1.56,0.19,14.79,2.14,7.78,3.31,0.58,3.11,0.39,0.97,0.58,0,12.45,11.67,0.58,10.12,9.34,0.58,0.19,0,0,0,21.4,18.29,0,0,0,0,0,2.92,0,0.19,0,0,0,0,0,0,0.58,0.39,0,0,0,0.19,0.39,0,0,0,0,0,0,0,0,0.19,0.39,0,0,0,0,0,0.19,0,25.1,28.4,0.78,9.73,15.18,2.14,0.39,1.17,1.36,0.78,4.09,0.97,6.81,0.39,1.17,5.06,0.19,23.15,0,11.09,0.39,0,2.92,8.75,0,0,Biden 2024,0,13.42,0
Nothin' But a Good Time,Poison,pop/rock,thumbs-up,R,Ron DeSantis,Ron,DeSantis,2024 Campaign,campaign rally,https://genius.com/poison-nothin-but-a-good-time-lyrics,2024,DeSantis 2024,FALSE,322,en,FALSE,nothin' but a good time,4,5,196,0.6734006734006734,1.6835016835016836,0.3367003367003367,0,2.0202020202020203,0.3367003367003367,1.3468013468013469,2.0202020202020203,1.6835016835016836,3.367003367003367,297,92,0.30976430976430974,0.22453520714390277,0.15106499780412824,0.17108402869272435,1,297,6.68,1,86.68,99,59.4,2.02,92.26,78.11,57.91,16.84,12.12,9.43,0.67,1.68,0,0,4.71,12.79,6.73,0,7.74,11.78,5.05,8.42,8.75,23.57,4.04,3.03,4.04,0.67,1.68,1.68,39.39,5.39,20.2,2.02,2.36,7.07,2.02,0.34,9.43,0,7.41,7.41,0,5.39,5.39,0,0,0,0,0,6.4,2.02,0.34,0,0,0,1.35,4.04,0.34,0.67,1.01,0,0,0,0,0,2.36,0.34,0,0,2.02,0,0.34,0,0,0,0,0.34,0,0.34,0,2.69,1.01,3.03,0,0,0,0,0,0,19.19,3.7,0.34,0.67,1.68,0.34,1.01,0,8.08,0.34,10.77,0.67,4.71,1.68,1.68,1.35,0,23.91,0,7.07,1.35,0,15.49,0,0,0,DeSantis 2024,0,8.76,1.01
I Won't Back Down,"Tom Petty , The Heartbreakers",pop/rock,thumbs-up,R,Ron DeSantis,Ron,DeSantis,2024 Campaign,campaign rally,https://genius.com/tom-petty-i-wont-back-down-lyrics,2024,DeSantis 2024,FALSE,249,en,FALSE,i won't back down,3,5,197,0.49019607843137253,0,0.49019607843137253,0.49019607843137253,0.49019607843137253,0.49019607843137253,0,0.49019607843137253,0.49019607843137253,0.49019607843137253,204,82,0.4019607843137255,0.22769607843137257,0.16929100908656147,0.20353299856527976,1,204,1.73,1,99,80.19,204,0.49,96.08,73.53,65.2,20.59,19.12,18.63,0,0.49,0,0,1.47,8.82,0.98,0.49,17.16,17.65,4.41,3.92,16.18,20.1,1.96,0.49,0,0,0,0,22.55,3.43,3.92,0.49,0,0.49,0,0,2.94,0,4.41,3.92,0,0,0,0,0,0,0,0.49,6.86,3.92,0,0,0,0,3.92,2.45,1.96,0,0,0,0,0,0,0,0.49,0,0,0,0,0.49,0,0,0,0,0,0,0,0,0,0,0,0.49,0,0,0,0,0,0,23.53,34.31,0,0.49,33.82,0,0,0,0,0.49,3.43,14.22,6.37,4.41,0,0,1.96,37.75,0,9.31,0,0,15.69,12.75,0,0,DeSantis 2024,0,18.63,0
Don't Stop,Fleetwood Mac,pop/rock,thumbs-up,R,Ron DeSantis,Ron,DeSantis,2024 Campaign,campaign rally,https://genius.com/fleetwood-mac-dont-stop-lyrics,2024,DeSantis 2024,FALSE,201,en,FALSE,don't stop,1,5,198,0.5319148936170213,0.5319148936170213,0.5319148936170213,1.0638297872340425,0.5319148936170213,0.5319148936170213,0.5319148936170213,0.5319148936170213,1.0638297872340425,0.5319148936170213,188,65,0.34574468085106386,0.29633387888707036,0.19681669394435355,0.24572831423895253,1,188,1,25.71,99,53.17,94,10.11,97.87,77.66,59.04,17.02,8.51,1.6,0,6.91,0,0,8.51,5.85,2.66,0,11.7,19.68,10.11,9.04,9.04,32.98,5.32,2.13,2.13,0,2.13,0,45.74,1.06,11.17,2.66,0.53,1.06,2.66,0,5.85,0,4.26,3.19,1.06,1.6,1.06,0.53,0,0,0,0,8.51,1.06,0,0,0,0,0,6.91,0,0,0,0,0,0,0,0,0,0,0,0,0,0,1.06,0,0,0,0,0,0,0,0,0,1.06,1.06,0,0,0,0,0.53,0,17.55,15.43,2.66,4.79,6.91,4.26,0,0,18.09,10.64,9.57,11.17,2.66,0.53,0,0,2.13,26.6,0,6.38,0.53,0,19.68,0,0,0,DeSantis 2024,0,1.6,0
Born Free,Kid Rock,pop/rock,thumbs-up,R,Ron DeSantis,Ron,DeSantis,2024 Campaign,campaign rally,https://genius.com/kid-rock-born-free-lyrics,2024,DeSantis 2024,FALSE,241,en,FALSE,born free,1,5,199,1.8099547511312217,4.97737556561086,0.9049773755656109,4.072398190045249,2.7149321266968327,2.262443438914027,3.167420814479638,1.3574660633484164,5.882352941176471,5.429864253393665,221,109,0.49321266968325794,0.2949852629831043,0.21990535099007846,0.24295736643281166,1,221,37.35,1.61,99,93.25,31.57,12.22,90.5,78.73,49.77,16.29,13.57,10.86,0,2.26,0,0.45,2.71,9.5,4.98,0,11.76,9.95,0.9,6.79,3.62,23.08,16.29,0.45,3.17,0.9,0.9,1.81,26.24,1.81,7.24,0.45,0,3.17,1.81,0.9,3.62,0,16.29,10.86,5.43,4.98,2.26,2.71,0,0.9,0.9,0,6.33,3.17,0.45,1.36,0,0,1.36,3.17,0.45,0,0,0.45,0,0,0,0,1.36,0.45,0.45,0,0,0.45,2.71,1.36,0.9,0,0,0,0,0,0,0,0.45,0,0,0,0.45,0,0.45,0,15.38,14.93,0.9,4.07,7.69,2.71,0.45,0.9,9.05,11.76,3.62,0.9,0,0,0,0,0,12.67,0,6.33,0,2.71,3.62,0,0,0,DeSantis 2024,0,10.86,-0.45
Eye of the Tiger,Survivor,pop/rock,thumbs-up,R,Ron DeSantis,Ron,DeSantis,2024 Campaign,campaign rally,https://genius.com/survivor-eye-of-the-tiger-lyrics,2024,DeSantis 2024,FALSE,274,en,FALSE,eye of the tiger,1,5,200,1.1406844106463878,2.661596958174905,0.38022813688212925,2.2813688212927756,1.520912547528517,1.1406844106463878,0.7604562737642585,1.9011406844106464,2.661596958174905,2.661596958174905,263,81,0.30798479087452474,0.20707412101581935,0.21151011594611088,0.2144345866779327,1,263,98.03,89.19,19.13,6.87,263,6.84,89.73,68.82,59.7,12.55,9.89,1.9,2.66,1.52,3.04,0.76,2.66,25.48,19.01,0,18.25,6.84,2.66,3.8,0.76,12.17,3.04,1.52,7.98,2.66,2.66,3.42,15.97,1.14,2.28,1.14,0,0.38,0.38,0,0.38,0,8.37,3.42,4.94,1.14,1.14,0,0,0,0,0,12.93,4.18,0,0,3.04,0,0,8.75,0,0,0,3.8,0,0,0,0,0.76,0,0,0.76,0.38,0,6.46,0.38,0,0,0,0,0,0.38,0.38,0.76,0,1.14,0.38,0,0,0.76,0.38,0,5.32,13.69,1.14,1.14,6.84,4.94,0,0.76,5.32,3.42,6.84,1.14,0.38,0.38,0,0,0,11.41,0,4.18,0,0,7.22,0,0,0,DeSantis 2024,0,-0.7600000000000002,-3.8
I Love Rock 'N Roll,Joan Jett and the Blackhearts,pop/rock,thumbs-up,R,Nikki Haley,Nikki,Haley,2024 Campaign,campaign rally,https://genius.com/joan-jett-and-the-blackhearts-i-love-rock-n-roll-lyrics,2024,Haley 2024,FALSE,372,en,FALSE,i love rock 'n roll,2,9,201,0,0.5847953216374269,0,0,1.1695906432748537,0,0,0.8771929824561403,0,1.4619883040935673,341,129,0.3782991202346041,0.19976426855251822,0.12319461444308447,0.13973208214334285,1,342,7.69,38.36,97.49,90.29,114,5.56,87.72,66.96,52.63,21.64,18.13,10.82,1.75,2.63,2.92,0,3.51,8.77,2.92,0.29,8.77,7.6,6.14,10.82,0.88,17.25,3.51,3.22,2.05,1.75,0,0.29,14.91,0.29,5.85,0.29,0.29,2.34,0,0,2.63,0,4.97,4.97,0,4.39,4.39,0,0,0,0,0,18.42,8.19,0,0,0,0,1.75,9.65,2.05,0,0,2.92,0.29,0,0,0.29,7.31,4.68,0.58,0,2.05,0,0,0,0,0,0,0,0,0,0,0,0,2.92,0,0,0,0,0,0,11.7,15.5,0,10.23,6.43,0.29,0.58,0,3.8,4.97,1.75,0.29,1.75,0,1.75,0,0,24.27,0,7.6,0.58,0,13.74,2.34,0,1,Haley 2024,0,9.07,-2.92
American Girl,Tom Petty and the Heartbreakers,pop/rock,thumbs-up,R,Nikki Haley,Nikki,Haley,2024 Campaign,campaign rally,https://genius.com/tom-petty-and-the-heartbreakers-american-girl-lyrics,2024,Haley 2024,FALSE,179,en,FALSE,american girl,2,9,202,0.6211180124223602,0.6211180124223602,0.6211180124223602,1.8633540372670807,2.484472049689441,1.2422360248447204,0,1.2422360248447204,2.484472049689441,1.8633540372670807,161,48,0.2981366459627329,0.3877846790890269,0.2694746376811594,0.29177018633540375,1,161,34.72,85.5,15.05,69.1,161,8.07,98.14,72.05,54.66,15.53,7.45,0,0,0,7.45,0,8.07,14.29,4.35,1.86,11.8,9.32,7.45,4.97,0.62,16.15,8.7,8.7,0.62,0.62,0,0,27.33,4.35,8.7,0,2.48,1.24,2.48,1.24,1.24,0.62,5.59,4.35,1.24,1.24,0,1.24,0,0,0,0,13.66,1.86,0.62,0,0,0,0,10.56,1.24,0,8.7,0.62,2.48,0,1.86,0.62,1.86,0.62,0.62,0,0,0.62,1.24,0.62,0.62,0,0,0,0,0,0.62,1.86,0,1.24,0,0,0,0,0.62,0,15.53,13.66,0,3.73,8.7,0,0.62,1.24,7.45,7.45,1.86,0.62,5.59,1.24,1.86,1.24,1.24,14.29,0,6.21,0,0,3.11,4.97,0,1,Haley 2024,0,0,8.08
Eye of the Tiger,Survivor,pop/rock,thumbs-up,R,Nikki Haley,Nikki,Haley,2024 Campaign,campaign rally,https://genius.com/survivor-eye-of-the-tiger-lyrics,2024,Haley 2024,FALSE,274,en,FALSE,eye of the tiger,2,9,203,1.1406844106463878,2.661596958174905,0.38022813688212925,2.2813688212927756,1.520912547528517,1.1406844106463878,0.7604562737642585,1.9011406844106464,2.661596958174905,2.661596958174905,263,81,0.30798479087452474,0.20707412101581935,0.21151011594611088,0.2144345866779327,1,263,98.03,89.19,19.13,6.87,263,6.84,89.73,68.82,59.7,12.55,9.89,1.9,2.66,1.52,3.04,0.76,2.66,25.48,19.01,0,18.25,6.84,2.66,3.8,0.76,12.17,3.04,1.52,7.98,2.66,2.66,3.42,15.97,1.14,2.28,1.14,0,0.38,0.38,0,0.38,0,8.37,3.42,4.94,1.14,1.14,0,0,0,0,0,12.93,4.18,0,0,3.04,0,0,8.75,0,0,0,3.8,0,0,0,0,0.76,0,0,0.76,0.38,0,6.46,0.38,0,0,0,0,0,0.38,0.38,0.76,0,1.14,0.38,0,0,0.76,0.38,0,5.32,13.69,1.14,1.14,6.84,4.94,0,0.76,5.32,3.42,6.84,1.14,0.38,0.38,0,0,0,11.41,0,4.18,0,0,7.22,0,0,1,Haley 2024,0,-0.7600000000000002,-3.8
Nothin' to Lose,Josh Gracin,pop/rock,thumbs-up,R,Nikki Haley,Nikki,Haley,2024 Campaign,campaign rally,https://genius.com/josh-gracin-nothin-to-lose-lyrics,2024,Haley 2024,FALSE,389,en,FALSE,nothin' to lose,2,9,204,0.5730659025787965,1.7191977077363896,0.8595988538681948,0.8595988538681948,2.005730659025788,0.8595988538681948,1.4326647564469914,1.7191977077363896,1.7191977077363896,2.005730659025788,359,116,0.3231197771587744,0.16174785100286534,0.12533593518427033,0.1344259460527616,1,349,45.5,27.54,92.54,20.23,349,10.03,88.83,69.34,52.72,19.2,16.91,9.46,0,1.43,6.02,0,2.29,8.31,4.58,1.72,13.75,9.17,5.16,0.57,2.29,18.91,5.73,2.58,4.3,1.15,2.87,0.29,27.51,3.44,9.17,2.01,0,1.72,4.87,0,0.57,0,3.44,1.72,1.72,0.29,0.29,0,0,0,0,0,11.75,2.58,0,0,0,0,1.43,8.6,0.57,0,6.02,0,0,0,0,0,0.57,0,0,0.57,0,0,2.58,0,0,0,0,0,1.15,0,0,0,0.29,4.01,0,0,0,0.57,1.72,2.29,14.33,20.63,2.29,4.01,11.46,5.16,0.29,0.57,6.3,3.44,6.88,0.57,4.01,1.43,1.43,1.15,0,21.49,0,11.46,0,0,7.16,2.87,0,1,Haley 2024,0,9.46,6.02
The Best,Tina Turner,pop/rock,thumbs-up,R,Nikki Haley,Nikki,Haley,2024 Campaign,campaign rally,https://genius.com/tina-turner-the-best-lyrics,2024,Haley 2024,FALSE,357,en,FALSE,the best,2,9,205,0.30959752321981426,0.9287925696594427,0,0.30959752321981426,0.6191950464396285,0.9287925696594427,0.6191950464396285,0.30959752321981426,1.5479876160990713,1.238390092879257,323,104,0.3219814241486068,0.18151940938318648,0.12707787568468684,0.14624613003095974,1,323,10.47,63.87,97.32,96.55,64.6,1.86,97.52,83.9,60.06,25.7,21.05,11.76,1.24,8.05,0,0,4.64,14.86,4.95,0,11.15,8.36,5.57,6.19,3.41,21.05,8.67,4.02,8.36,1.24,5.88,1.24,30.03,8.05,14.55,0.93,0.62,2.79,4.33,1.24,4.95,0,8.05,7.12,0.93,0.31,0.31,0,0,0,0,0,21.67,6.5,0,0,0,0.31,3.1,14.86,2.17,0,0,0,0,0,0,0,0.31,0,0,0,0,0.31,4.33,0.31,0,0,0,0,0,0,1.24,0.62,0,0.93,0,0,0,0,0.31,0,16.41,9.6,0,1.86,8.05,0.62,0,0.31,4.02,3.41,6.19,0,3.72,0,0,2.79,0.93,15.79,0,9.29,1.24,0,5.26,0,0,1,Haley 2024,0,10.52,0
Takin' Care of Business,Bachman-Turner Overdrive,pop/rock,thumbs-up,R,Nikki Haley,Nikki,Haley,2024 Campaign,campaign rally,https://genius.com/bachman-turner-overdrive-takin-care-of-business-lyrics,2024,Haley 2024,FALSE,466,en,FALSE,takin' care of business,1,9,206,0.2364066193853428,1.6548463356973995,0.2364066193853428,0.7092198581560284,1.4184397163120568,0,0.7092198581560284,0.9456264775413712,0.9456264775413712,1.6548463356973995,427,176,0.41217798594847777,0.1573380077369439,0.11213733075435203,0.13178191489361704,1,423,59.95,84.01,35.52,99,60.43,14.18,89.6,69.03,48.23,13.48,10.87,4.02,1.65,4.49,0,0.24,2.6,10.87,3.07,1.42,14.42,8.51,1.89,6.15,0.71,23.88,1.42,7.33,4.73,1.89,2.84,0,20.33,5.91,4.26,0,0.24,1.42,2.6,0,1.89,0,10.64,9.69,0.95,1.65,1.18,0.47,0,0.47,0,0,17.49,8.27,6.86,0,0.47,0,0.71,8.75,0,0,0.47,0,0,0,0,0,11.35,0.47,0,10.4,8.04,0,0.47,0.47,0,0,0,0,0,0,0,0,0,3.31,0,0,0,0,0.71,0,12.53,8.98,1.89,1.18,4.96,1.18,0.95,0,5.44,4.02,3.31,0.24,2.84,0.71,1.89,0.24,0,23.64,0,7.8,0,1.42,12.53,1.89,0,1,Haley 2024,0,2.3699999999999997,0.47
Small Town,John Mellencamp,pop/rock,thumbs-up,R,Nikki Haley,Nikki,Haley,2024 Campaign,campaign rally,https://genius.com/john-mellencamp-small-town-lyrics,2024,Haley 2024,FALSE,249,en,FALSE,small town,1,9,207,0.43859649122807015,1.3157894736842106,0,0.8771929824561403,1.7543859649122806,0.8771929824561403,0.43859649122807015,1.3157894736842106,2.192982456140351,2.6315789473684212,228,81,0.35526315789473684,0.25927550357374923,0.15361706735975741,0.19261966645007583,1,228,41.78,35.05,70.28,46.76,76,7.46,97.81,80.7,54.39,17.54,11.84,9.65,0,0,0.88,0.44,5.7,16.67,7.89,0,11.4,9.65,5.7,3.95,1.75,17.11,11.84,11.84,2.63,2.19,0.44,0,17.11,1.75,6.58,0,0.44,2.19,0.88,0,3.07,0.88,3.51,2.63,0.88,1.75,0.88,0.88,0.44,0,0,0,15.79,2.19,0,0,0,0,0.44,13.6,0.88,0.44,0.88,0,0,0,0,0,1.75,0,0.44,0.88,0,0.44,2.19,0,0,0,0,0,0,0,0.88,0,0.44,0.44,0,0.88,0.44,0.44,0,0,7.02,10.96,0.88,0.88,9.21,0.88,0,0,1.32,4.82,7.46,1.32,9.65,0.88,6.14,1.75,0.88,13.6,0.88,7.89,0,0,3.07,1.75,0,1,Haley 2024,0,9.65,0.88
Where the Stars and Stripes and the Eagle Fly,Aaron Tippin,country,thumbs-up,R,Nikki Haley,Nikki,Haley,2024 Campaign,campaign rally,https://genius.com/aaron-tippin-where-the-stars-and-stripes-and-the-eagle-fly-lyrics,2024,Haley 2024,FALSE,241,en,FALSE,where the stars and stripes and the eagle fly,1,9,208,0.4291845493562232,1.2875536480686696,0.4291845493562232,0.4291845493562232,2.575107296137339,0.4291845493562232,0.4291845493562232,3.004291845493562,0.4291845493562232,5.150214592274678,233,72,0.3090128755364807,0.29895088221268484,0.21136146876490222,0.2537494039103481,1,233,20.42,52.87,84.04,88.32,233,6.01,87.98,74.68,60.09,18.88,9.01,4.72,1.72,2.58,0,0,9.87,19.31,11.16,0,7.3,8.58,7.3,9.87,1.29,15.88,4.72,3.86,6.01,3.43,1.72,0.86,14.16,3,6.44,1.72,0.43,1.29,1.29,0,3.43,0,5.58,5.15,0.43,2.58,2.15,0.43,0,0,0,0,11.16,4.29,0,1.29,0,0,1.72,7.3,1.72,0,1.29,0.43,0,0,0,0,3.86,0,0,0.86,2.58,0.43,0,0,0,0,0,0,0,0,0,0,0,0.86,0,0.43,0,0.86,0,0,7.73,14.16,0,3.86,10.73,0.43,0,0,0.43,2.58,4.72,0,1.72,0.86,0.86,0,0,9.87,0,3.43,0,0,6.44,0,0,1,Haley 2024,0,3,0.8600000000000001
It's America,Rodney Atkins,country,thumbs-up,R,Nikki Haley,Nikki,Haley,2024 Campaign,campaign rally,https://genius.com/rodney-atkins-its-america-lyrics,2024,Haley 2024,FALSE,297,en,FALSE,it's america,1,9,209,0,1.4545454545454546,0,1.0909090909090908,1.8181818181818181,0.36363636363636365,0.7272727272727273,1.4545454545454546,0.7272727272727273,2.5454545454545454,276,89,0.322463768115942,0.24132788559754856,0.15487231869254342,0.1933973442288049,1,275,42.92,35.89,84.17,54.09,91.67,10.91,85.09,61.82,50.55,18.18,6.55,5.09,0.36,0,0,1.09,11.64,15.64,10.91,1.09,10.18,12.36,3.27,5.45,0.73,18.55,3.64,3.64,1.45,1.45,0,0,20.36,1.09,5.45,0.73,0.73,1.09,1.82,0,1.45,0,2.91,2.55,0.36,1.09,1.09,0,0,0,0,0,9.09,1.82,0.36,0.36,0,0.36,0.36,6.18,0,0,0,1.45,1.45,1.09,0,0.36,7.64,2.55,1.09,2.18,0.73,1.09,1.82,0,0,0,0,0,0,0,0.36,0,0,0.73,0,0,0,0,0,0,6.18,16,0,2.55,11.64,1.09,1.09,0,3.27,2.91,10.91,0.36,2.18,0,1.45,0.73,0,21.45,0,6.91,0,1.09,13.09,0.36,0,1,Haley 2024,0,4.7299999999999995,-1.45
Freedom,"Beyonce, Kendrick Lamar",r&b,thumbs-up,D,Kamala Harris,Kamala,Harris,2024 Campaign,campaign rally,https://genius.com/beyonce-freedom-lyrics,2024,Harris 2024,FALSE,540,en,FALSE,freedom,36,234,210,1.4492753623188406,1.8633540372670807,1.6563146997929608,2.484472049689441,2.070393374741201,1.8633540372670807,1.2422360248447204,2.691511387163561,3.7267080745341614,4.140786749482402,467,190,0.4068522483940043,0.12521957066579492,0.1019614253023864,0.11296175220660347,1,483,36.48,3.54,99,97.22,48.3,13.87,86.13,66.05,48.03,21.74,19.88,15.94,0.83,2.28,0,0.83,1.86,8.9,3.73,1.45,11.18,7.45,2.07,2.48,2.28,18.63,4.55,2.07,5.59,1.86,1.66,2.69,16.15,1.04,7.66,0.62,1.66,2.9,0.41,0.21,2.07,0,10.77,8.28,1.86,0.83,0.62,0.21,0,0,0.21,0.62,12.01,4.55,0.41,0,0,0.83,2.9,7.45,3.31,0,2.9,0.41,0.21,0.21,0,0,1.66,0.41,0,0.41,0,0.83,1.45,0.21,0,0.21,0,0,0,0.21,0.21,0.83,0.41,0.21,0,0,0,0.62,0.21,0.21,5.38,16.15,0.83,4.76,9.32,1.04,0.83,0.62,1.66,2.07,5.38,0.83,3.11,1.24,1.04,0.83,0,26.29,0,11.8,1.86,0,9.94,2.69,0,1,Harris 2024,1,15.11,2.4899999999999998
Higher Ground,Stevie Wonder,r&b,thumbs-up,D,Kamala Harris,Kamala,Harris,2024 Campaign,campaign rally,https://genius.com/stevie-wonder-higher-ground-lyrics,2024,Harris 2024,FALSE,233,en,FALSE,higher ground,10,234,211,1.3333333333333333,2.2222222222222223,1.3333333333333333,1.7777777777777777,2.2222222222222223,0.8888888888888888,0.4444444444444444,2.6666666666666665,1.7777777777777777,3.5555555555555554,217,86,0.39631336405529954,0.2771834625322997,0.196093023255814,0.2578036175710594,1,225,19.3,9.31,99,99,225,8.44,95.11,73.78,48.89,19.56,14.67,10.22,0,2.67,1.33,0.44,4.89,8,2.22,0,14.22,9.33,5.33,5.78,4.44,26.22,7.11,4,4.44,0.89,2.22,1.33,26.22,3.56,10.22,3.11,3.11,2.22,0,0,1.33,0,10.67,8.89,1.33,2.67,2.67,0,0,0,0,0.44,11.11,4.89,0.44,0,0,0.89,0.89,6.67,0,0.89,0,1.33,0,0,0,0,3.56,0,0,1.33,0,2.22,1.78,0,0,0,0,0,0,0,0.44,0,0,0,0,0,0,0,0,0,14.22,14.22,0,4.44,11.11,0.44,0,0,6.22,1.78,3.11,5.78,2.67,0.89,0.44,1.33,0,18.67,0,6.22,0,0,11.56,0.89,0,1,Harris 2024,1,10.22,-1.33
Let's Get Loud,Jennifer Lopez,pop/rock,thumbs-up,D,Kamala Harris,Kamala,Harris,2024 Campaign,campaign rally,https://genius.com/jennifer-lopez-lets-get-loud-lyrics,2024,Harris 2024,FALSE,736,en,FALSE,let's get loud,9,234,212,0.35842293906810035,0.5376344086021505,0.35842293906810035,0.17921146953405018,1.075268817204301,0.35842293906810035,0.5376344086021505,0.7168458781362007,0.35842293906810035,1.4336917562724014,558,190,0.34050179211469533,0.11504338803999245,0.09283908696472364,0.10601961893982267,1,558,2.67,99,17.19,32.67,79.71,0.9,96.24,89.07,46.06,29.75,18.46,0.9,5.73,11.47,0,0.36,11.29,5.91,1.79,0,3.76,12.9,1.61,0.54,2.87,34.41,5.91,1.61,6.27,6.09,0.18,0,24.73,2.69,7.53,3.58,1.25,1.25,0.36,1.79,1.25,0,1.61,1.25,0.36,0.72,0.54,0.18,0,0,0,0,35.13,16.31,0,0,0,0.18,15.59,18.28,0.36,0,0.18,0,0,0,0,0,1.79,1.79,0,0,0,0,1.25,0,0,0,0,0,0,0.36,0,6.81,0.9,5.38,0,0,0,0,0.18,0,26.88,14.7,0,2.15,5.2,0,7.17,0.72,1.08,0.54,7.71,7.17,23.48,22.22,0.36,0.72,0.18,40.32,0,20.07,0.18,1.25,7.89,10.93,0,1,Harris 2024,1,-4.83,0.18
About Damn Time,Lizzo,pop/rock,thumbs-up,D,Kamala Harris,Kamala,Harris,2024 Campaign,campaign rally,https://genius.com/lizzo-about-damn-time-lyrics,2024,Harris 2024,FALSE,435,en,FALSE,about damn time,6,234,213,0.8379888268156425,0.27932960893854747,1.1173184357541899,0.5586592178770949,0.27932960893854747,0.8379888268156425,0,0,1.3966480446927374,0.5586592178770949,359,97,0.27019498607242337,0.1469676899153372,0.12949663076657258,0.1387087484881645,1,358,25.76,2.21,99,36.15,89.5,10.89,93.3,73.18,54.19,18.16,13.69,11.73,0.84,1.12,0,0,4.47,7.54,5.31,0.28,15.64,16.48,8.66,2.23,0.56,24.3,9.22,1.96,2.23,1.68,1.12,0,30.45,0.28,8.94,3.91,2.51,1.4,1.4,0,1.68,0,7.82,2.51,1.4,2.51,1.4,0.84,0.56,0,0,3.63,5.59,1.68,0,0,0,0,0.28,3.91,0.56,0,1.4,0.28,0,0,0,0,1.68,1.68,0,0,0,0,0.28,0,0,0,0,0,0.28,0,0,0.56,0.56,1.96,0,0,0,0,0,0,18.44,17.04,0,2.23,10.89,0.56,1.12,2.51,8.1,2.51,12.57,2.79,15.92,3.63,9.5,2.79,0,42.74,0,10.61,0.84,0,19.83,11.45,0,1,Harris 2024,1,10.89,1.1199999999999999
I'm Coming Out,Diana Ross,r&b,thumbs-up,D,Kamala Harris,Kamala,Harris,2024 Campaign,campaign rally,https://genius.com/diana-ross-im-coming-out-lyrics,2024,Harris 2024,FALSE,396,en,FALSE,i'm coming out,6,234,214,0.8108108108108109,0.8108108108108109,0,0.5405405405405406,0.5405405405405406,0.2702702702702703,1.0810810810810811,0.5405405405405406,0.5405405405405406,0.8108108108108109,370,135,0.36486486486486486,0.17471271271271271,0.12916316316316315,0.15617217217217216,1,370,40.51,1,99,31.37,370,2.16,99.19,86.22,58.38,25.68,19.19,18.65,0,0.27,0,0.27,6.49,8.11,4.86,0,19.46,12.16,3.78,1.89,0.54,38.92,1.08,1.35,0.54,0,0.54,0,24.05,1.35,11.62,5.68,0.81,4.86,0.27,0.27,0,0,1.35,1.08,0.27,0.81,0.54,0.27,0.27,0,0,0,1.62,1.08,0,0,0,0,0.54,0.54,0,0,0,0,0,0,0,0,0,0,0,0,0,0,0.54,0,0,0,0,0,0,0,0,2.43,4.59,4.59,0,0,0,0,0,0,14.86,25.68,0,7.3,20.27,4.32,0.81,0.27,1.35,1.35,9.73,3.24,1.35,0.81,0,0.54,0,16.22,0,6.49,0,0,9.19,0.54,0,1,Harris 2024,1,18.65,0
Ain't No Stoppin' Us Now,McFadden and Whitehead,r&b,thumbs-up,D,Kamala Harris,Kamala,Harris,2024 Campaign,campaign rally,https://genius.com/mcfadden-and-whitehead-aint-no-stoppin-us-now-lyrics,2024,Harris 2024,FALSE,1024,en,FALSE,ain't no stoppin' us now,6,234,215,0.11890606420927467,0.5945303210463734,0.23781212841854935,0,0.23781212841854935,0.11890606420927467,0.11890606420927467,0.356718192627824,0.5945303210463734,0.4756242568370987,841,181,0.21521997621878716,0.06680747071691817,0.052171513785877116,0.05869492382785555,1,841,1,60.57,96.24,33.52,841,7.37,88.47,82.16,65.28,22.71,20.57,5.35,12.72,1.9,0,0.59,2.14,15.34,5.83,0,9.16,16.65,8.68,2.26,15.1,31.15,1.43,1.31,14.63,13.08,0.12,1.43,40.07,9.27,12.49,1.9,1.19,1.55,1.07,1.43,6.18,0,1.9,1.43,0.48,0.12,0.12,0,0,0,0,0,17.84,2.38,0.83,0.83,0.24,0,1.19,15.46,0,0,0,0,0,0,0,0,0.12,0,0,0,0.12,0,0,0,0,0,0,0,0,0,0,0.24,0.83,4.04,0.24,0,0,0,0,0,18.31,10.23,0.48,3.57,5.71,0.83,0.48,0,6.78,4.28,15.81,2.14,2.97,1.9,0.71,0.71,0,44.35,0,7.73,0,0,22.59,14.03,0,1,Harris 2024,1,-7.370000000000001,0
Break My Soul,Beyonce,r&b,thumbs-up,D,Kamala Harris,Kamala,Harris,2024 Campaign,campaign rally,https://genius.com/beyonce-break-my-soul-lyrics,2024,Harris 2024,FALSE,849,en,FALSE,break my soul,6,234,216,0.4418262150220913,0.5891016200294551,0.14727540500736377,0.29455081001472755,0.7363770250368189,0.5891016200294551,0.5891016200294551,0.7363770250368189,1.4727540500736378,1.4727540500736378,727,232,0.31911966987620355,0.09706464882433598,0.06507922401096947,0.07849334721446347,1,679,7.89,79.2,81.81,71.11,679,18.7,78.79,60.97,46.83,25.63,18.85,10.31,0.88,7.36,0,0.29,6.77,11.49,3.24,0.29,6.33,9.13,1.18,2.95,5.89,14.73,4.57,1.18,3.53,1.03,1.62,0.88,21.35,4.12,6.33,1.47,1.91,0.74,0.59,0.15,1.77,0.44,6.48,4.71,1.47,2.06,1.33,0.74,0.44,0.29,0,0.29,18.41,1.33,0,0,0,0.15,0.15,17.08,1.18,0.15,0.74,0,0,0,0,0,7.51,0,0.15,2.95,0.29,4.42,0.88,0,0,0,0,0,0,0,0,0,0,0.88,0,0,0,0,0,0.59,6.33,7.95,1.03,0.88,6.19,0.74,0.29,0,3.24,1.91,5.15,4.12,8.39,2.65,4.57,1.18,0,45.36,0,14.73,0,0,12.08,18.56,0,1,Harris 2024,1,9.43,0.74
"1, 2 Step","Ciara, Missy Elliott",pop/rock,thumbs-up,D,Kamala Harris,Kamala,Harris,2024 Campaign,campaign rally,https://genius.com/ciara-1-2-step-lyrics,2024,Harris 2024,FALSE,581,en,FALSE,"1, 2 step",5,234,217,0.21141649048625794,1.0570824524312896,0.21141649048625794,0.42283298097251587,1.0570824524312896,0,0.42283298097251587,0.6342494714587738,1.2684989429175475,2.1141649048625792,475,182,0.3831578947368421,0.1256371535441303,0.08980322003577818,0.10122435703831052,1,473,18.61,92.89,72.13,70.1,47.3,8.88,90.91,70.61,54.97,25.16,14.59,6.55,4.02,3.38,0.21,0.42,10.57,13.11,4.02,6.55,9.09,6.13,3.38,4.65,2.11,15.64,2.75,6.77,6.13,5.07,0.85,0.21,15.01,2.96,4.65,0.63,1.69,0.85,0.21,0,1.06,0,4.02,3.59,0.42,1.27,1.27,0,0,0,0,0.21,17.76,6.34,0,2.75,0,0.21,0.85,13.95,0.21,0,1.9,2.11,0,0,0,0,4.23,3.17,0,1.06,0,0,2.11,0.21,0.21,0,0,0,0,0.21,0,0,0.42,2.96,0,0,0,0,0,0,11.63,11.84,0,6.13,4.65,1.06,0.63,0.21,3.38,0.85,4.65,5.07,4.44,2.11,1.06,1.06,0.85,27.7,0.42,12.05,0,1.48,4.02,9.73,0,1,Harris 2024,1,2.5300000000000002,-0.20999999999999996
Higher Love,"Kygo, Whitney Houston",pop/rock,thumbs-up,D,Kamala Harris,Kamala,Harris,2024 Campaign,campaign rally,https://genius.com/whitney-houston-higher-love-lyrics,2024,Harris 2024,FALSE,613,en,FALSE,higher love,5,234,218,0.9727626459143969,1.556420233463035,0.7782101167315175,0.9727626459143969,1.3618677042801557,1.1673151750972763,0.5836575875486382,1.3618677042801557,1.9455252918287937,2.140077821011673,519,235,0.4527938342967245,0.14561967050252503,0.09082539945359716,0.11204238761486879,1,514,45.37,2.09,99,99,171.33,4.28,98.25,84.24,49.61,21.4,16.54,14.2,0.78,1.36,0,0,4.86,12.84,8.75,0,8.56,6.61,3.11,2.14,2.14,24.51,10.31,0.39,2.72,0.97,1.56,0.19,14.79,2.14,7.78,3.31,0.58,3.11,0.39,0.97,0.58,0,12.45,11.67,0.58,10.12,9.34,0.58,0.19,0,0,0,21.4,18.29,0,0,0,0,0,2.92,0,0.19,0,0,0,0,0,0,0.58,0.39,0,0,0,0.19,0.39,0,0,0,0,0,0,0,0,0.19,0.39,0,0,0,0,0,0.19,0,25.1,28.4,0.78,9.73,15.18,2.14,0.39,1.17,1.36,0.78,4.09,0.97,6.81,0.39,1.17,5.06,0.19,23.15,0,11.09,0.39,0,2.92,8.75,0,1,Harris 2024,1,13.42,0
Happy,Pharrell Williams,pop/rock,thumbs-up,D,Kamala Harris,Kamala,Harris,2024 Campaign,campaign rally,https://genius.com/pharrell-williams-happy-lyrics,2024,Harris 2024,FALSE,658,en,FALSE,happy,4,234,219,0.7662835249042146,0.9578544061302682,0.5747126436781609,0.7662835249042146,0.9578544061302682,0.5747126436781609,0.3831417624521073,0.9578544061302682,0.9578544061302682,1.3409961685823755,522,222,0.42528735632183906,0.1463273618446032,0.10519398709053882,0.11201028614821719,1,522,14.27,23.78,96.01,99,47.45,10.15,91,86.02,61.88,22.22,17.62,9.39,0,8.05,0.19,0,4.6,7.09,4.21,0,16.09,12.84,3.45,9.39,3.07,22.99,12.45,0.19,0,0,0,0,30.84,1.53,18.77,4.79,4.79,2.87,5.17,0,7.09,0,14.56,13.98,0.38,13.79,13.41,0.19,0,0,0,0,12.84,4.41,0,0,0,0,1.92,8.43,0.19,0,0.19,0,0,0,0,0,1.15,0,1.15,0,0,0,0,0,0,0,0,0,0,0,0,0,1.15,0.38,0,0,0.38,0,0.19,0,14.18,12.07,0.19,3.26,5.94,0,0,3.64,0.38,0.57,14.37,1.53,2.87,1.92,0.57,0.57,0,35.82,0.57,7.85,0,1.72,9.2,16.48,0,1,Harris 2024,1,9.39,0.19
Small Town,John Mellencamp,pop/rock,thumbs-up,D,Kamala Harris,Kamala,Harris,2024 Campaign,campaign rally,https://genius.com/john-mellencamp-small-town-lyrics,2024,Harris 2024,FALSE,249,en,FALSE,small town,4,234,220,0.43859649122807015,1.3157894736842106,0,0.8771929824561403,1.7543859649122806,0.8771929824561403,0.43859649122807015,1.3157894736842106,2.192982456140351,2.6315789473684212,228,81,0.35526315789473684,0.25927550357374923,0.15361706735975741,0.19261966645007583,1,228,41.78,35.05,70.28,46.76,76,7.46,97.81,80.7,54.39,17.54,11.84,9.65,0,0,0.88,0.44,5.7,16.67,7.89,0,11.4,9.65,5.7,3.95,1.75,17.11,11.84,11.84,2.63,2.19,0.44,0,17.11,1.75,6.58,0,0.44,2.19,0.88,0,3.07,0.88,3.51,2.63,0.88,1.75,0.88,0.88,0.44,0,0,0,15.79,2.19,0,0,0,0,0.44,13.6,0.88,0.44,0.88,0,0,0,0,0,1.75,0,0.44,0.88,0,0.44,2.19,0,0,0,0,0,0,0,0.88,0,0.44,0.44,0,0.88,0.44,0.44,0,0,7.02,10.96,0.88,0.88,9.21,0.88,0,0,1.32,4.82,7.46,1.32,9.65,0.88,6.14,1.75,0.88,13.6,0.88,7.89,0,0,3.07,1.75,0,1,Harris 2024,1,9.65,0.88
Hey Ya!,OutKast,pop/rock,thumbs-up,D,Kamala Harris,Kamala,Harris,2024 Campaign,campaign rally,https://genius.com/outkast-hey-ya-lyrics,2024,Harris 2024,FALSE,637,en,FALSE,hey ya!,4,234,221,0.8528784648187633,1.0660980810234542,0.6396588486140725,1.0660980810234542,1.492537313432836,0.6396588486140725,0.42643923240938164,1.279317697228145,1.279317697228145,2.1321961620469083,496,131,0.26411290322580644,0.13635964127020297,0.09636061784859781,0.11754097560181642,1,469,5.8,98.26,25.54,56.87,11.73,6.61,88.27,76.55,54.37,24.09,15.57,3.62,1.71,9.59,0.43,0.21,8.53,9.17,2.13,0.85,7.04,7.46,7.25,4.69,2.99,16.63,3.2,5.12,4.9,3.62,0.43,0.64,23.03,4.9,10.23,2.56,3.2,2.35,0.21,0.21,2.56,0,3.2,2.77,0.43,0.64,0.64,0,0,0,0,0,23.45,9.81,0.21,0.43,0.43,0.43,6.82,13.65,1.28,0,1.07,0.43,0,0,0,0,0.85,0.21,0.21,0,0.21,0.21,1.07,0,0,0,0,0,0.43,0.43,0.21,0,1.71,1.71,0.43,0,0,0,0.43,0,17.48,7.04,0,0.85,3.62,0.85,0.43,1.71,4.05,0.43,8.96,0.85,17.91,13.22,1.07,3.62,0,49.04,0,13.43,1.49,7.04,6.4,20.68,0,1,Harris 2024,1,1.9100000000000001,0.6400000000000001
Sir Duke,Stevie Wonder,r&b,thumbs-up,D,Kamala Harris,Kamala,Harris,2024 Campaign,campaign rally,https://genius.com/stevie-wonder-sir-duke-lyrics,2024,Harris 2024,FALSE,286,en,FALSE,sir duke,4,234,222,0.3663003663003663,2.197802197802198,0.3663003663003663,0.3663003663003663,1.465201465201465,1.098901098901099,0.3663003663003663,1.465201465201465,1.098901098901099,2.93040293040293,275,100,0.3636363636363637,0.2491868131868132,0.1669194139194139,0.19476190476190475,1,273,34.05,99,56.69,24.92,136.5,3.3,95.24,84.62,70.7,20.88,9.89,0.37,1.1,6.59,0,1.83,10.99,17.22,4.76,0.37,15.38,13.19,2.56,3.3,2.2,26.74,0,11.36,3.66,1.1,1.1,1.47,37.73,12.09,21.25,9.16,1.1,8.79,0,0,2.2,0.37,1.1,0.73,0.37,0,0,0,0,0,0,0,17.58,1.83,0,0.37,0,0,0.37,15.75,0,0,0,1.1,0,0,0,0,1.83,1.83,0,0,0,0,0.37,0,0,0,0,0,0,0,0,0,0,0,0,0,0,0.37,0.37,0,17.58,23.81,0,1.83,12.82,0,1.83,8.42,1.47,0,20.88,1.1,0,0,0,0,0,8.42,0,4.4,0.37,0,2.93,0.73,0,1,Harris 2024,1,-0.7300000000000001,-1.1
Freedom,Jon Batiste,r&b,thumbs-up,D,Kamala Harris,Kamala,Harris,2024 Campaign,campaign rally,https://genius.com/jon-batiste-freedom-lyrics,2024,Harris 2024,FALSE,522,en,FALSE,freedom,4,234,223,0.2331002331002331,0.6993006993006993,0,0,0.9324009324009324,0.2331002331002331,0.6993006993006993,0.6993006993006993,0.4662004662004662,1.6317016317016317,425,170,0.4,0.1566639243109831,0.106055121349239,0.12642945290004112,1,429,18.87,42.8,98.11,94.13,71.5,7.93,95.34,79.49,58.97,25.64,18.88,11.66,0.7,6.06,0,0.23,6.76,11.89,6.53,0,12.82,9.56,6.53,4.2,1.63,25.87,4.66,3.03,0.7,0.7,0,0,20.75,1.17,9.56,3.03,3.5,1.86,0.93,0.23,2.33,0,5.59,5.59,0,0.47,0.47,0,0,0,0,0,11.89,2.56,0,0,0,0,0.93,9.32,0.93,0,0.93,0,0,0,0,0,2.33,1.4,0,0,0.93,0,2.1,0,0,0,0,0,0,0,0,0,0.7,2.56,0,0,0,0,0,0.47,15.85,15.15,0.7,4.66,7.46,2.56,1.4,0.93,2.33,0.93,10.72,2.1,4.43,2.1,1.4,0.7,0.23,32.63,0,5.59,0.47,0.7,10.02,15.85,0,1,Harris 2024,1,10.96,0.93
All I Do is Win,"DJ Khaled, Ludacris, Rick Ross, Snoop Dogg, T-Pain",hip-hop/rap,thumbs-up,D,Kamala Harris,Kamala,Harris,2024 Campaign,campaign rally,https://genius.com/dj-khaled-all-i-do-is-win-lyrics,2024,Harris 2024,FALSE,988,en,FALSE,all i do is win,4,234,224,1.2080536912751678,0.9395973154362416,1.342281879194631,0.8053691275167785,0.9395973154362416,0.8053691275167785,0.40268456375838924,1.0738255033557047,2.5503355704697985,1.8791946308724832,747,267,0.357429718875502,0.08006233818465174,0.06419928109996732,0.07389035517683433,1,745,43.27,41.65,97.96,95.52,32.39,5.37,88.05,68.86,53.83,18.79,14.36,7.25,0.94,2.42,0.27,3.36,4.43,12.08,4.03,0.67,13.15,5.5,4.03,4.97,2.68,14.36,2.68,4.56,7.25,1.34,5.37,0.67,16.78,5.5,5.37,0.13,2.15,0.81,0.54,0,1.21,0,8.72,6.98,1.07,0.94,0.81,0.13,0,0,0,0.67,11.81,2.42,0,0.4,0,0.13,1.74,8.72,0.27,0.13,0.27,0.27,0,0,0,0,2.55,0.4,0.27,0.67,1.34,0.27,2.42,0,0,0,0,0.13,0.27,0.13,0,0,0.13,1.48,0,0.54,0,4.7,0,0,12.08,18.12,0.13,3.09,15.03,0.4,0.27,0.27,3.76,1.21,3.36,0.13,5.37,2.95,2.82,0.27,0,43.49,0,13.42,0.54,2.42,8.19,18.93,0,1,Harris 2024,1,6.3100000000000005,0
Working for the Weekend,Loverboy,pop/rock,NA,R,Mike Pence,Mike,Pence,2024 Campaign,campaign rally,https://www.shazam.com/song/1809209397/working-for-the-weekend?referrer=browserextension,2024,Pence 2024,FALSE,229,en,FALSE,working for the weekend,1,8,225,0,1.0362694300518134,0,0.5181347150259067,1.0362694300518134,0.5181347150259067,1.0362694300518134,1.0362694300518134,0,1.0362694300518134,189,58,0.30687830687830686,0.3546632124352332,0.22669287118098985,0.283419689119171,1,193,78.36,99,35.43,82.76,17.55,12.44,91.71,76.68,55.44,24.35,13.47,2.07,2.07,8.81,0,0.52,10.88,11.92,8.29,1.04,17.1,6.74,0,0.52,0,18.65,4.15,3.63,5.18,3.11,2.07,0,26.94,8.81,8.29,0,0,6.74,1.55,0,0.52,0,4.15,4.15,0,0,0,0,0,0,0,0,22.8,1.04,0,0,0,0,1.04,21.76,2.07,0,0,0,0,0,0,0,1.04,1.04,0,0,0,0,3.11,1.04,0,0,0,0,0,0,0,1.04,5.7,1.04,0,0,0,0,0,0,14.51,10.36,0,3.11,7.25,3.11,0,0,9.84,0.52,5.18,7.77,7.25,5.18,0.52,1.55,0,47.67,0,25.39,4.66,0.52,17.1,0,0,0,Pence 2024,0,0,0
The Star-Spangled Banner - National Anthem USA,United States of America,patriotic,NA,R,Mike Pence,Mike,Pence,2024 Campaign,campaign rally,https://www.shazam.com/song/1817525745/the-star-spangled-banner-national-anthem-usa,2024,Pence 2024,FALSE,93,en,FALSE,the star-spangled banner - national anthem usa,1,8,226,2.4390243902439024,2.4390243902439024,0,3.658536585365854,1.2195121951219512,1.2195121951219512,0,2.4390243902439024,3.658536585365854,2.4390243902439024,81,26,0.32098765432098764,0.796904315196998,0.5564727954971858,0.6774390243902438,1,82,78.62,91.94,9.75,37.8,27.33,17.07,80.49,64.63,47.56,9.76,6.1,0,3.66,1.22,0,0,3.66,17.07,13.41,0,8.54,4.88,7.32,6.1,0,10.98,7.32,0,6.1,3.66,1.22,1.22,13.41,0,2.44,0,0,2.44,1.22,0,0,0,8.54,4.88,3.66,1.22,1.22,0,0,0,0,0,12.2,6.1,0,0,1.22,1.22,2.44,6.1,0,0,0,0,0,0,0,0,1.22,0,1.22,0,0,0,0,0,0,0,0,0,0,0,0,0,0,0,0,0,0,0,1.22,0,7.32,15.85,1.22,1.22,6.1,8.54,0,0,6.1,6.1,2.44,0,3.66,0,1.22,2.44,0,30.49,0,20.73,2.44,0,6.1,1.22,0,0,Pence 2024,0,-3.66,0
Fightin' Words,Trace Adkins,country,NA,R,Mike Pence,Mike,Pence,2024 Campaign,campaign rally,https://www.shazam.com/song/714536786/fightin-words?referrer=browserextension,2024,Pence 2024,FALSE,352,en,FALSE,fightin' words,1,8,227,1.2944983818770226,2.26537216828479,0,0.970873786407767,2.26537216828479,0.32362459546925565,1.2944983818770226,1.6181229773462784,2.912621359223301,2.912621359223301,309,111,0.3592233009708738,0.19482783754628413,0.13975334557858832,0.16489402023382604,1,309,24.72,11.01,99,28.9,154.5,6.8,94.82,75.73,61.81,24.6,18.12,12.62,0,5.5,0,0,6.47,18.12,7.12,1.29,13.27,6.8,4.53,8.41,1.62,19.42,1.94,2.59,1.94,0.97,0.97,0,20.06,0.97,11.33,1.94,0.97,2.91,3.24,0,5.5,0,4.21,2.27,1.62,1.29,1.29,0,0,0,0,0.32,13.92,5.5,0.65,0.65,1.29,0.32,1.94,8.09,1.29,0,0.97,1.29,1.29,1.29,0,0,2.59,0.32,0,0.97,0,1.29,3.88,0,0,0,0,0,0,0,0,0,1.94,0.97,0,0,0,0,0.32,0,7.77,11.65,0,3.24,7.77,1.94,0,0,4.21,0.97,5.5,2.59,0.32,0,0.32,0,0,20.06,0,14.56,0.32,0,5.18,0,0,0,Pence 2024,0,12.62,-0.32000000000000006
Right Now,Van Halen,pop/rock,NA,R,Mike Pence,Mike,Pence,2024 Campaign,campaign rally,https://www.shazam.com/song/319402519/right-now?referrer=browserextension,2024,Pence 2024,FALSE,282,en,FALSE,right now,1,8,228,0.4329004329004329,0.8658008658008658,0.4329004329004329,0.4329004329004329,0,0.4329004329004329,0.8658008658008658,0,0.8658008658008658,1.2987012987012987,231,92,0.3982683982683982,0.26709486166007906,0.17090156220591005,0.22320252211556557,1,231,10.19,80.41,99,39.1,46.2,8.23,97.84,78.79,58.01,20.78,5.63,0.43,0.43,4.76,0,0,15.15,12.12,3.03,2.16,11.26,6.93,14.29,4.33,1.3,19.05,4.76,5.19,1.3,0.43,0.87,0,30.3,3.03,5.63,1.73,1.3,0.87,0.43,0,1.3,0,2.16,1.73,0.43,0,0,0,0,0,0,0,8.23,2.6,0,0,0,0,2.16,5.19,0,0,0,0,0,0,0,0,0.43,0,0,0.43,0.43,0,0,0,0,0,0,0,0,0,0,0.43,0.87,2.6,0,0,0,0,0.43,0,28.57,14.72,0,8.23,8.23,0,0,0.43,15.15,1.3,15.15,3.9,5.63,2.6,0.43,2.16,0.43,39.83,0,31.6,1.73,0,5.63,0.87,0,0,Pence 2024,0,0,0
Born Free,Kid Rock,pop/rock,NA,R,Mike Pence,Mike,Pence,2024 Campaign,campaign rally,https://www.shazam.com/song/586705495/born-free?referrer=browserextension,2024,Pence 2024,FALSE,279,en,FALSE,born free,1,8,229,1.694915254237288,4.661016949152542,0.847457627118644,3.8135593220338984,2.542372881355932,2.1186440677966103,2.9661016949152543,1.271186440677966,5.508474576271187,4.661016949152542,236,116,0.4915254237288136,0.2822545295149036,0.20695499707773232,0.22821814728229106,1,236,31.6,1.35,99,98.08,236,11.44,91.1,80.08,49.58,16.53,13.98,11.44,0,2.12,0,0.42,2.54,8.9,4.66,0,10.59,11.02,0.85,6.36,3.39,25,16.95,0.42,2.97,0.85,0.85,1.69,27.97,1.69,6.78,0.42,0,2.97,1.69,0.85,3.39,0,16.95,11.86,5.08,4.66,2.12,2.54,0,0.85,0.85,0,5.93,2.97,0.42,1.27,0,0,1.27,2.97,0.42,0,0,0.42,0,0,0,0,1.27,0.42,0.42,0,0,0.42,2.54,1.27,0.85,0,0,0,0,0,0,0,0.42,0,0,0,0.42,0,0.42,0,16.1,13.98,0.85,3.81,7.2,2.54,0.42,0.85,10.17,13.98,3.81,0.85,0.42,0.42,0,0,0,28.39,0,24.58,0,0,3.81,0,0,0,Pence 2024,0,11.44,-0.42
Only in America,Brooks & Dunn,country,NA,R,Mike Pence,Mike,Pence,2024 Campaign,campaign rally,https://www.shazam.com/song/255435997/only-in-america?referrer=browserextension,2024,Pence 2024,FALSE,285,en,FALSE,only in america,1,8,230,0.4098360655737705,1.639344262295082,0,0.4098360655737705,2.8688524590163933,0.819672131147541,1.2295081967213115,3.278688524590164,0.4098360655737705,4.918032786885246,244,73,0.29918032786885246,0.27629126431619133,0.18627329889961824,0.21075679317314172,1,244,88.95,99,24.65,37.96,244,14.75,84.02,69.67,55.74,9.43,7.79,0,5.33,0,1.23,1.23,1.64,10.66,6.97,1.64,20.9,3.28,9.02,6.56,0,9.43,12.3,4.92,7.38,6.15,0.41,1.23,11.89,3.28,5.33,0,0,2.46,2.05,0.82,0,0,2.05,1.64,0.41,0,0,0,0,0,0,0,15.16,2.87,0.41,0,0,0,0.41,11.89,0.82,0,1.64,0.82,0.41,0.41,0,0,3.69,1.64,0,0.82,1.64,0,0.41,0,0,0,0,0,0,0,0,0,2.05,2.46,0,0,0,0.41,0,0,8.61,22.13,0,2.05,15.16,5.33,0,0,0.82,1.23,2.05,0.82,0.82,0,0.82,0,0,25,0,21.72,0,0,3.28,0,0,0,Pence 2024,0,-5.33,0.82
Walking On Sunshine,Katrina and the Waves,pop/rock,NA,R,Mike Pence,Mike,Pence,2024 Campaign,campaign rally,https://www.shazam.com/song/724739482/walking-on-sunshine?referrer=browserextension,2024,Pence 2024,FALSE,483,en,FALSE,walking on sunshine,1,8,231,0,1.2135922330097086,0,0,1.2135922330097086,0,0.24271844660194175,0.7281553398058253,0.24271844660194175,1.4563106796116505,424,131,0.3089622641509434,0.18305788186467056,0.10603461053879788,0.14081375528051582,1,412,1,1,98.6,97.56,20.6,7.77,93.69,83.98,52.67,21.84,13.11,10.92,0,2.18,0,0,8.74,4.13,1.94,0,6.31,14.08,8.25,5.58,9.47,30.34,2.43,0.97,0,0,0,0,33.98,0.97,11.41,7.28,0.73,1.46,0.49,0.97,0.73,0,7.04,6.8,0.24,6.8,6.8,0,0,0,0,0,8.5,5.1,0,0,0,0,3.64,3.16,0.97,0,0,0,0,0,0,0,0.73,0.24,0.24,0,0.24,0,0.49,0.49,0,0,0,0,0,0,0,0.24,0.97,0,0,0,0,0,0,0.24,22.09,11.65,0,3.4,2.18,0,0,6.55,7.28,1.46,23.3,1.7,13.83,1.21,8.01,4.61,0,59.71,0,35.44,4.85,0,14.56,4.85,0,0,Pence 2024,0,10.92,0
Small Town,John Mellencamp,pop/rock,NA,R,Mike Pence,Mike,Pence,2024 Campaign,campaign rally,https://www.shazam.com/song/1823072767/small-town?referrer=browserextension,2024,Pence 2024,FALSE,266,en,FALSE,small town,1,8,232,0.4329004329004329,1.2987012987012987,0,0.8658008658008658,1.7316017316017316,0.8658008658008658,0.4329004329004329,1.2987012987012987,2.1645021645021645,2.5974025974025974,241,81,0.3360995850622407,0.2559082892416226,0.1516220405109294,0.19011811234033457,1,231,41.25,30.42,68.52,46.37,231,9.96,95.24,77.92,53.25,16.88,11.69,9.52,0,0,0.87,0.43,5.19,15.58,7.36,0,11.26,9.52,5.63,4.33,1.73,16.88,10.82,10.82,2.6,2.16,0.43,0,16.88,1.73,6.49,0,0.43,2.16,0.87,0,3.03,0.87,3.46,2.6,0.87,1.73,0.87,0.87,0.43,0,0,0,15.15,2.6,0,0,0,0,0.87,12.55,0.87,0.43,0.87,0,0,0,0,0,1.73,0,0.43,0.87,0,0.43,2.16,0,0,0,0,0,0,0,0.87,0,0.43,0.43,0,0.87,0.43,0.43,0,0,7.36,10.82,0.87,0.87,9.09,0.87,0,0,1.3,4.76,7.36,1.3,10.39,1.3,5.63,1.3,2.16,36.8,0,27.27,0,0,3.46,6.06,0,0,Pence 2024,0,9.52,0.87
Burn Rubber On Me Why You Wanna Hurt Me,The Gap Band,r&b,thumbs-up,R,Tim Scott,Tim,Scott,2024 Campaign,campaign rally,https://genius.com/the-gap-band-burn-rubber-on-me-why-you-wanna-hurt-me-lyrics,2024,Scott 2024,FALSE,953,en,FALSE,burn rubber on me why you wanna hurt me,3,5,233,0.4065040650406504,0.6775067750677507,0,0.27100271002710025,0.5420054200542005,0.4065040650406504,0.27100271002710025,0.5420054200542005,0.6775067750677507,0.6775067750677507,740,171,0.23108108108108108,0.07150430276232586,0.06786716112775162,0.06688774782484667,1,738,8.48,5.29,47.32,40.03,43.41,5.15,88.08,78.86,63.14,15.58,15.04,7.45,0,5.15,0.14,0,0.54,20.87,7.99,0,8.81,6.5,8.94,4.47,15.99,13.69,2.17,0.27,1.49,1.49,0,0,35.77,17.21,9.08,0.54,3.66,1.76,0,1.49,1.63,0,6.1,3.66,2.3,4.47,2.03,2.3,0,0,0,0,15.58,6.1,0,0,0,0,2.57,10.84,0.14,1.36,2.03,0,0.41,0,0,0.41,0.54,0,0.14,0,0.41,0,2.03,0,0,0,0,0,0,0.14,0,0.54,1.76,0.95,0,0,0,0,0,0.14,18.7,5.69,0,2.85,0.95,0.27,0,1.76,6.23,6.78,2.3,2.57,8.67,4.88,1.22,3.25,0,31.84,0.54,18.97,1.9,0.14,2.44,7.86,0,0,Scott 2024,0,7.45,2.03
Every Light In the House,Trace Adkins,country,thumbs-up,R,Tim Scott,Tim,Scott,2024 Campaign,campaign rally,https://genius.com/trace-adkins-every-light-in-the-house-lyrics,2024,Scott 2024,FALSE,262,en,FALSE,every light in the house,1,5,234,0,1.1538461538461537,0,0.38461538461538464,0.7692307692307693,0.7692307692307693,0.7692307692307693,1.5384615384615385,1.5384615384615385,1.5384615384615385,260,99,0.3807692307692307,0.23510489510489513,0.14135975135975135,0.18639471639471641,1,260,88.99,71.21,92.75,30.73,260,2.31,93.85,74.62,58.46,11.92,9.62,3.85,0.38,5.38,0,0,2.31,15.38,9.23,0.77,20,8.46,4.62,4.23,0.38,19.23,3.85,4.62,0.38,0.38,0,0,23.85,5.38,7.31,1.15,0.77,2.31,1.92,0.38,1.92,0.38,3.08,1.92,1.15,1.92,0.77,1.15,0,0,0,0,8.46,2.31,0.38,0,0,0,1.15,5.77,0,0,0,0,0,0,0,0,5,0,5,0,0,0,2.69,1.15,0,0,0,0,0,0,1.15,0,0.77,1.54,0,0,1.15,0,0,0,11.92,23.46,0.38,3.46,11.15,9.23,0,0,6.92,3.08,7.31,0.77,2.69,1.92,0.38,0.38,0,8.08,0,0.77,0,0,7.31,0,0,0,Scott 2024,0,3.47,0
The Star-Spangled Banner - National Anthem USA,United States of America,patriotic,NA,R,Tim Scott,Tim,Scott,2024 Campaign,campaign rally,https://www.shazam.com/song/1817525745/the-star-spangled-banner-national-anthem-usa,2024,Scott 2024,FALSE,93,en,FALSE,the star-spangled banner - national anthem usa,1,5,235,2.4390243902439024,2.4390243902439024,0,3.658536585365854,1.2195121951219512,1.2195121951219512,0,2.4390243902439024,3.658536585365854,2.4390243902439024,81,26,0.32098765432098764,0.796904315196998,0.5564727954971858,0.6774390243902438,1,82,78.62,91.94,9.75,37.8,27.33,17.07,80.49,64.63,47.56,9.76,6.1,0,3.66,1.22,0,0,3.66,17.07,13.41,0,8.54,4.88,7.32,6.1,0,10.98,7.32,0,6.1,3.66,1.22,1.22,13.41,0,2.44,0,0,2.44,1.22,0,0,0,8.54,4.88,3.66,1.22,1.22,0,0,0,0,0,12.2,6.1,0,0,1.22,1.22,2.44,6.1,0,0,0,0,0,0,0,0,1.22,0,1.22,0,0,0,0,0,0,0,0,0,0,0,0,0,0,0,0,0,0,0,1.22,0,7.32,15.85,1.22,1.22,6.1,8.54,0,0,6.1,6.1,2.44,0,3.66,0,1.22,2.44,0,30.49,0,20.73,2.44,0,6.1,1.22,0,0,Scott 2024,0,-3.66,0
Ain't No Stoppin' Us Now,McFadden & Whitehead,r&b,NA,R,Tim Scott,Tim,Scott,2024 Campaign,campaign rally,https://www.shazam.com/song/265986540/aint-no-stoppin-us-now?referrer=browserextension,2024,Scott 2024,FALSE,929,en,FALSE,ain't no stoppin' us now,1,5,236,0.1272264631043257,0.5089058524173028,0.2544529262086514,0,0.2544529262086514,0.1272264631043257,0.1272264631043257,0.3816793893129771,0.5089058524173028,0.7633587786259542,787,174,0.22109275730622616,0.07054049311222252,0.05642932350618583,0.062191073674358756,1,786,1,77.18,97.28,25.14,786,7.63,88.68,81.93,64.76,23.54,21.12,4.96,13.49,2.04,0,0.64,2.42,14.12,5.98,0,9.29,18.07,8.27,2.16,14.25,32.82,1.4,1.15,15.52,13.87,0.13,1.53,41.22,8.65,11.7,1.78,1.15,1.4,0.89,1.15,6.11,0,1.4,0.89,0.51,0,0,0,0,0,0,0,19.21,2.8,0.89,0.89,0.25,0,1.65,16.41,0,0,0,0,0,0,0,0,0.13,0,0,0,0.13,0,0,0,0,0,0,0,0,0,0,0.38,0.76,3.94,0.25,0,0,0,0,0,16.92,10.69,0.51,3.94,5.98,0.51,0.51,0,7.38,4.33,17.3,2.42,2.67,1.65,0.76,0.25,0,50.64,0,25.83,0,0,23.92,0.89,0,0,Scott 2024,0,-8.530000000000001,0
You Should Be Here,Cole Swindell,country,NA,R,Tim Scott,Tim,Scott,2024 Campaign,campaign rally,https://www.shazam.com/song/1098026552/you-should-be-here?referrer=browserextension,2024,Scott 2024,FALSE,340,en,FALSE,you should be here,1,5,237,0,1,0,0.3333333333333333,2.3333333333333335,0,0.3333333333333333,2,0.6666666666666666,2.6666666666666665,299,91,0.30434782608695654,0.21976556776556777,0.12076556776556775,0.17628571428571432,1,300,1,96.43,46.71,62.2,300,7.67,96.33,83.33,67.67,27,14.67,3.67,0,10,0,1,12.33,15.67,2.33,2.67,10,18.67,8.67,3.33,2,27.67,3.67,6,1,0.33,0.67,0,24,2.67,10.67,1.67,0,4.33,2.33,0.33,3,0.33,3.33,3,0.33,2,2,0,0,0,0,0,17,4,0.67,0,0,0,3,12.33,0,0,0,0,0.33,0,0,0.33,1,0,0.33,0,0,0.67,1.67,0,0,0,0,0.67,0,0.67,0,0,1.33,2,2,0,0,0,0,0,14.33,12,0,0.33,10,1,0,0.67,3.33,6,5.67,1.67,3.67,1.33,1.33,1,0,31,0,20,0,0,11,0,0,0,Scott 2024,0,3.67,0
God Bless The USA,Lee Greenwood,pop/rock,thumbs-up,R,Donald Trump,Donald,Trump,2024 Campaign,campaign rally,https://genius.com/lee-greenwood-god-bless-the-usa-lyrics,2024,Trump 2024,FALSE,252,en,FALSE,god bless the usa,32,103,238,0,2.8,0,1.2,3.2,0.4,0.4,2,0.8,4.4,249,71,0.285140562248996,0.2743830985915493,0.1719549295774648,0.2242985915492958,1,250,14.7,6.49,94.23,99,83.33,6.8,94,71.6,60.8,20.4,16.4,11.2,0.4,0.8,1.2,0.4,4,13.6,4.8,0,13.2,10,7.2,6.8,4,17.6,4.4,2.4,3.6,0.8,2,0.8,21.6,1.2,10.4,1.2,1.6,2.4,0.4,2.4,2,1.2,8.4,8.4,0,4,4,0,0,0,0,0,12.4,4.4,0.4,0.4,0,0,0.8,7.6,1.2,0,1.6,1.2,4,2.4,1.6,0,2.8,0,0,0.4,0,2.4,2,0,0,0,0,0,0,0,1.2,0.8,0,0.4,0,0,0,0,0.4,0,11.2,12.8,0,0.4,12,0.4,0,0,3.6,4.4,7.2,1.6,0,0,0,0,0,10.4,0.8,0.4,0,0,9.2,0,0,0,Trump 2024,1,10.799999999999999,0.40000000000000013
YMCA,Village People,pop/rock,thumbs-up,R,Donald Trump,Donald,Trump,2024 Campaign,campaign rally,https://genius.com/village-people-ymca-lyrics,2024,Trump 2024,FALSE,655,en,FALSE,ymca,12,103,239,0.1893939393939394,1.3257575757575757,0.1893939393939394,0.1893939393939394,1.3257575757575757,0.3787878787878788,0.3787878787878788,1.1363636363636365,0.3787878787878788,1.7045454545454546,528,132,0.25,0.12575470615243345,0.0840521694214876,0.09795827594123048,1,528,66.38,98.54,54.55,80.85,5.93,3.03,85.8,74.62,54.36,16.86,11.55,3.6,0,6.63,0.38,0.95,5.3,15.34,10.61,0.57,13.07,11.93,2.65,1.89,1.33,22.73,9.66,1.89,0.57,0.19,0.38,0,24.24,2.84,6.82,2.08,0.38,3.6,0.38,0.19,0.38,0,5.87,4.92,0.95,4.92,3.98,0.95,0,0,0.76,0,17.05,2.08,0.38,0,0,0,1.7,14.96,0,0,0,7.01,0,0,0,0,2.46,2.46,0,0,0,0,0.57,0.19,0,0,0,0,0,0.38,0,0.57,0.38,0.95,0.38,0,0,0,0,0,14.58,10.8,0,1.52,8.33,0,0.38,0.76,6.82,3.79,9.09,0.57,0.19,0.19,0,0,0,29.36,15.91,7.39,0.76,0,4.92,0.38,0,0,Trump 2024,1,3.6,-7.01
Macho Man,Village People,pop/rock,thumbs-up,R,Donald Trump,Donald,Trump,2024 Campaign,campaign rally,https://genius.com/Village-people-macho-man-lyrics,2024,Trump 2024,FALSE,692,en,FALSE,macho man,10,103,240,0.9328358208955224,1.8656716417910448,0,0.9328358208955224,2.425373134328358,0.5597014925373134,0.746268656716418,2.2388059701492535,1.1194029850746268,3.171641791044776,541,226,0.4177449168207024,0.12333740589089948,0.09713627658169328,0.11297632413155462,1,536,47.04,67.39,13.83,67.25,19.14,5.04,83.4,57.65,43.28,16.79,13.99,9.51,0,1.87,2.43,0.19,2.8,15.3,7.09,0,9.51,12.5,2.24,1.49,1.12,20.52,2.61,1.12,1.87,0,0.75,1.12,13.62,0.93,5.22,1.49,0.56,2.24,0.75,0,0.19,0,4.48,3.73,0.75,1.31,1.31,0,0,0,0,0,18.47,4.66,0.37,0.56,0,0.19,3.54,13.62,1.31,0,0,9.33,0,0,0,0,1.12,0.37,0,0.37,0,0.37,9.51,0.93,0,0.37,0,0,0,0,0,0,1.12,3.73,0,0,0,0,0,0.37,8.4,6.72,0.93,1.31,3.36,0.56,0,1.49,0.93,3.73,4.85,2.05,5.6,4.29,1.12,0.19,0,37.87,0.37,12.69,0.37,4.66,7.46,12.31,0,0,Trump 2024,1,9.51,-9.33
Chicken Fried,Zac Brown Band,pop/rock,thumbs-up,R,Donald Trump,Donald,Trump,2024 Campaign,campaign rally,https://genius.com/zac-brown-band-chicken-fried-lyrics,2024,Trump 2024,FALSE,373,en,FALSE,chicken fried,6,103,241,0,1.639344262295082,0,0.546448087431694,3.0054644808743167,0.273224043715847,0.819672131147541,1.639344262295082,0.546448087431694,3.8251366120218577,366,164,0.448087431693989,0.1852542316406771,0.11509396241503399,0.13621884579501534,1,366,85.28,57.97,70.19,96.86,366,6.56,89.07,67.76,51.09,12.84,7.92,4.37,0.82,2.19,0,0.27,4.92,20.77,13.66,0,12.3,4.64,4.37,5.74,1.09,13.93,6.28,3.28,2.19,1.91,0.27,0,13.39,0.82,5.19,3.28,0,0,0.82,0,1.37,0,6.56,6.28,0,3.01,2.73,0,0,0,0,0,11.2,3.83,0.27,0.27,0,0,0.55,6.83,1.09,0,2.19,0,0,0,0,0,1.64,0,0.82,0,0.55,0.27,6.28,0,0,0,0,1.64,0,4.1,0.27,0,0,0.27,0.55,0.27,0,0,0,0.55,14.21,15.85,0,2.46,6.56,3.28,0,3.55,3.01,3.55,4.1,0.27,0.27,0,0.27,0,0,7.65,0,1.91,0,0,5.74,0,0,0,Trump 2024,1,3.5500000000000003,2.19
Heartless,"Diplo, Morgan Wallen",pop/rock,thumbs-up,R,Donald Trump,Donald,Trump,2024 Campaign,campaign rally,https://genius.com/diplo-heartless-lyrics,2024,Trump 2024,FALSE,456,en,FALSE,heartless,6,103,242,1.5384615384615385,0.2564102564102564,0.7692307692307693,1.5384615384615385,0.2564102564102564,1.794871794871795,0.5128205128205128,0.5128205128205128,2.5641025641025643,0.7692307692307693,390,120,0.3076923076923077,0.10648076923076924,0.12278205128205127,0.11976923076923077,1,390,1,77.41,96.97,17.27,30,16.92,98.97,78.97,59.49,20.77,15.64,6.15,1.54,7.95,0,0,5.13,6.67,2.56,0.26,6.67,12.31,15.64,12.82,3.08,24.1,3.08,3.33,2.56,1.54,1.03,0,33.85,3.08,13.33,3.08,3.33,1.54,0.77,0.26,4.36,0,2.31,0.51,0.77,0.77,0.26,0.51,0,0,0.26,1.03,13.08,1.28,0.26,0,0.26,0,0.77,11.79,0,0,2.05,0,0,0,0,0,0.26,0,0,0,0,0.26,0.26,0,0,0,0,0,0,0,0,3.08,0.26,1.03,8.46,0,0,0.26,0,0,8.21,10,0.77,2.82,5.38,0.77,0,0.26,8.21,3.08,6.41,4.1,5.64,3.59,0,2.05,0,22.31,0,7.69,3.08,0,5.38,6.15,0,0,Trump 2024,1,4.61,2.05
It's Five O'Clock Somewhere,"Alan Jackson, Jimmy Buffet",pop/rock,thumbs-up,R,Donald Trump,Donald,Trump,2024 Campaign,campaign rally,https://genius.com/alan-jackson-its-five-oclock-somewhere-lyrics,2024,Trump 2024,FALSE,389,en,FALSE,it's five o'clock somewhere,5,103,243,0.821917808219178,2.191780821917808,0.273972602739726,0.821917808219178,0.821917808219178,0.547945205479452,0.821917808219178,0.821917808219178,1.095890410958904,1.095890410958904,369,127,0.34417344173441733,0.1581878977456585,0.11859562075288532,0.13134289720634235,1,365,11.61,2.64,99,82.37,52.14,10.14,89.59,78.08,59.73,21.64,13.7,10.14,0.82,1.92,0.55,0.27,7.95,13.97,7.4,3.01,9.86,13.97,6.58,4.66,2.74,22.19,7.67,8.49,3.01,1.1,0.55,1.37,28.77,0.82,10.96,1.1,1.1,2.74,1.92,0,4.66,0,4.93,4.38,0.27,1.92,1.92,0,0,0,0,0.27,6.3,2.19,0.27,0,0,0,1.92,3.84,0,0,0,0.55,0,0,0,0,2.47,0.27,0,0.82,1.1,0.27,0.82,0,0,0,0,0.55,0,0.82,0,0,0.82,0.55,0,0,3.29,0.55,0,0.27,11.51,11.78,0.55,3.29,8.77,0.27,0.27,0.27,8.77,2.74,8.49,1.92,4.11,2.47,1.37,0.27,0,26.03,0.55,4.66,1.1,0,15.62,4.11,0,0,Trump 2024,1,9.32,-0.55
Rich Men North of Richmond,Oliver Anthony,pop/rock,thumbs-up,R,Donald Trump,Donald,Trump,2024 Campaign,campaign rally,https://genius.com/oliver-anthony-rich-men-north-of-richmond-lyrics,2024,Trump 2024,FALSE,331,en,FALSE,rich men north of richmond,5,103,244,0.6309148264984227,0.9463722397476341,1.8927444794952681,0.9463722397476341,0.9463722397476341,0.6309148264984227,0.31545741324921134,0.9463722397476341,2.5236593059936907,1.5772870662460567,319,114,0.3573667711598746,0.18610880513586808,0.13571863412474405,0.16662515911229178,1,317,28.69,53.24,68.79,43.76,317,5.68,93.06,71.92,56.78,17.98,11.36,4.42,0.32,4.73,0,1.89,6.62,10.09,3.79,0.32,13.88,11.04,2.84,5.99,3.79,19.24,4.1,4.73,3.79,0.32,0,3.47,29.34,2.52,16.09,4.42,2.21,4.42,0.63,0,3.79,0,5.68,2.52,0.95,0.95,0,0.95,0.32,0,0,2.21,12.62,0.63,0,0,0,0.63,0,11.36,0.32,0,0,1.58,0.63,0.63,0,0,6.31,0,0.32,0.63,4.42,1.58,2.21,0.32,0.32,0,0,0,0,0.95,0.32,0,2.84,1.26,0,0,0,0,0.32,0,10.09,8.83,0.32,0.32,8.2,0.32,0,0,4.1,2.52,6.94,2.84,2.52,1.89,0,0.63,0,15.14,0,4.73,0,0,9.46,0.95,0,0,Trump 2024,1,4.1,-1.58
"Hold On, I'm Coming",Sam and Dave,r&b,thumbs-up,R,Donald Trump,Donald,Trump,2024 Campaign,campaign rally,https://genius.com/sam-and-dave-hold-on-im-comin-lyrics,2024,Trump 2024,FALSE,217,en,FALSE,"hold on, i'm coming",5,103,245,0.5347593582887701,1.0695187165775402,0.5347593582887701,1.6042780748663101,1.6042780748663101,1.6042780748663101,0,1.6042780748663101,2.6737967914438503,1.6042780748663101,181,53,0.292817679558011,0.2647866007466452,0.25014630208858846,0.24070225002522452,1,187,11.96,43.2,98.34,1,187,2.14,90.91,78.07,57.75,18.72,18.18,11.23,1.07,5.35,0.53,0,0.53,6.42,2.67,0,16.58,16.04,8.56,4.81,3.21,27.81,3.74,1.6,1.6,1.6,0,0,26.2,2.14,5.35,0,1.6,0.53,0.53,0,0.53,0,6.42,1.07,5.35,4.81,0.53,4.28,1.6,0,1.07,0,9.63,1.07,0,0,0,0,0.53,9.09,1.07,0.53,0.53,0,0,0,0,0,0,0,0,0,0,0,1.07,0,0,0,0,0,0,0,1.07,0.53,0,1.07,1.07,0.53,0,0,1.6,0,16.04,10.7,0,2.67,10.16,0,0,0.53,6.42,0,17.11,3.74,4.28,0,4.28,0,0,37.43,0,12.83,0,0,18.18,6.42,0,0,Trump 2024,1,10.16,0.53
Just Like Heaven,The Cure,pop/rock,thumbs-up,R,Donald Trump,Donald,Trump,2024 Campaign,campaign rally,https://genius.com/the-cure-just-like-heaven-lyrics,2024,Trump 2024,FALSE,212,en,FALSE,just like heaven,4,103,246,1.530612244897959,0.5102040816326531,1.530612244897959,1.530612244897959,2.5510204081632653,1.0204081632653061,1.530612244897959,2.0408163265306123,3.061224489795918,3.5714285714285716,196,62,0.3163265306122449,0.3141129032258065,0.23129526003949968,0.239302172481896,1,196,14.33,92.48,72.58,34.6,49,6.12,96.43,76.02,61.73,28.57,23.98,10.71,0,8.67,4.59,0,4.59,13.78,4.59,0,13.27,6.12,7.65,5.61,0.51,14.29,8.67,1.53,1.02,1.02,0,0,22.45,4.08,7.14,2.04,3.57,1.02,0,2.04,0.51,0,6.12,3.57,2.55,3.57,2.04,1.53,0,0.51,1.02,0,22.45,6.63,0,0,0,0,2.04,14.29,0,0,5.1,0,0,0,0,0,1.53,0.51,0,0,0,1.02,5.1,0.51,0,0,0,0,0,0,0.51,0,0,0.51,0,0,0,0,0,0.51,5.61,17.35,0,3.57,8.67,3.06,0.51,1.53,1.53,8.67,3.57,1.53,0,0,0,0,0,15.82,0,5.61,1.53,0,3.57,5.1,0,0,Trump 2024,1,10.71,5.1
Give Me Everything,"Pitbull, Ne-Yo",pop/rock,thumbs-up,R,Donald Trump,Donald,Trump,2024 Campaign,campaign rally,https://genius.com/pitbull-give-me-everything-lyrics,2024,Trump 2024,FALSE,796,en,FALSE,give me everything,4,103,247,0.6182380216383307,0.7727975270479135,0,0.3091190108191654,1.0819165378670788,0.46367851622874806,0.46367851622874806,1.0819165378670788,1.0819165378670788,1.7001545595054095,652,197,0.30214723926380366,0.10708776940035619,0.07481935367451494,0.08116649275453282,1,647,8.19,41.89,95.3,83.07,323.5,16.38,95.83,70.63,50.08,25.66,19.47,10.82,2.47,4.17,0,2.01,6.18,5.1,2.01,0,7.57,9.12,1.08,5.72,2.94,21.48,3.09,2.47,3.4,2.94,0.31,0.31,35.09,3.86,14.99,1.55,1.7,4.48,3.86,0.62,4.64,0,4.48,4.33,0.15,2.63,2.63,0,0,0,0,0,23.49,10.82,0,1.85,0,0,5.1,12.06,2.32,0,0.93,0,0.15,0,0.15,0,1.85,0.93,0.46,0.15,0.31,0,1.85,0,0,0,0,0,0.77,0.46,0,0,2.01,2.78,0,0.46,0.93,0.15,0,0,15.77,5.56,0,1.39,2.78,0.31,0.15,1.55,10.66,0.15,6.65,4.02,7.88,5.26,1.55,0,1.08,33.69,0,8.81,0.15,0,7.42,17.31,0,0,Trump 2024,1,8.35,0.93
"Please, Please, Please",James Brown,r&b,thumbs-up,R,Donald Trump,Donald,Trump,2024 Campaign,campaign rally,https://genius.com/james-brown-please-please-please-lyrics,2024,Trump 2024,FALSE,324,en,FALSE,"please, please, please",4,103,248,0,1.36986301369863,0,0.45662100456621,2.73972602739726,0,0.45662100456621,1.82648401826484,0.45662100456621,3.65296803652968,219,53,0.2420091324200913,0.28252778495735337,0.21289738950633239,0.23916602050486777,1,219,1,29.91,99,48,219,2.28,99.54,62.56,36.53,17.35,17.35,10.5,0,6.85,0,0,0,1.37,0,0,0.91,14.61,3.65,3.2,10.96,28.31,2.28,0,0.46,0.46,0,0,17.35,0.46,1.83,0.91,0,0.91,0,0,0,0,6.39,4.11,2.28,3.2,3.2,0,0,0,0,0,44.29,31.96,26.48,26.48,0,2.28,0,12.79,0.91,2.28,1.83,0.46,0,0,0,0,0.91,0,0,0,0,0.91,0.91,0,0,0,0,0,0,0.46,0,0,0.91,0.91,0,0,0,0,0,0,15.98,10.96,0,10.96,10.5,0,0,0,0.46,3.65,11.87,0,10.05,0,3.2,4.57,2.28,59.36,0,26.94,0,0,11.42,21,0,0,Trump 2024,1,10.5,1.37
An American Trilogy,Elvis Presley,pop/rock,thumbs-up,R,Donald Trump,Donald,Trump,2024 Campaign,campaign rally,https://genius.com/Elvis-presley-an-american-trilogy-lyrics,2024,Trump 2024,FALSE,128,en,FALSE,an american trilogy,4,103,249,0,0.8849557522123894,0.8849557522123894,1.7699115044247788,1.7699115044247788,2.6548672566371683,0,2.6548672566371683,4.424778761061947,5.3097345132743365,113,47,0.415929203539823,0.6122387497646393,0.425381284127283,0.5055733383543589,1,113,62.41,40.06,96.77,96.56,113,11.5,84.96,67.26,48.67,14.16,13.27,7.08,0,2.65,2.65,0.88,0.88,8.85,0.88,0.88,17.7,9.73,2.65,2.65,1.77,23.89,2.65,2.65,9.73,0,7.08,8.85,20.35,0.88,5.31,0.88,0,1.77,0,0,1.77,0.88,7.96,7.08,0.88,0.88,0,0.88,0,0,0.88,0,8.85,0.88,0,0,0,0,0.88,7.96,1.77,0,0,3.54,0,0,0,0,0,0,0,0,0,0,2.65,0,0,0,0,0,0,0,1.77,0,1.77,0.88,0,0,0,7.08,0,0,8.85,23.89,5.31,2.65,15.04,5.31,0.88,0,5.31,4.42,5.31,3.54,1.77,0,0,1.77,0,15.93,0,13.27,0,0,2.65,0,0,0,Trump 2024,1,7.08,-3.54
Timber,"Pitbull, Kesha",pop/rock,thumbs-up,R,Donald Trump,Donald,Trump,2024 Campaign,campaign rally,https://genius.com/pitbull-timber-lyrics,2024,Trump 2024,FALSE,594,en,FALSE,timber,3,103,250,0.6578947368421053,0.21929824561403508,0.21929824561403508,0.21929824561403508,0.6578947368421053,0.43859649122807015,0.43859649122807015,0.43859649122807015,0.8771929824561403,1.0964912280701755,466,183,0.3927038626609442,0.10777849678841914,0.08699549419998082,0.0901759179369188,1,456,23.99,85.76,94.13,77.81,91.2,4.82,80.92,67.11,48.68,21.49,13.6,3.73,1.75,6.58,0.66,0.88,7.89,11.18,7.02,0.88,10.53,15.57,0.66,1.97,3.73,23.68,7.24,3.07,6.36,3.07,3.07,0.22,28.95,3.07,7.02,1.1,1.97,0,0.22,0,1.97,2.85,4.17,3.73,0,0.66,0.66,0,0,0,0,0.44,13.6,3.29,0.88,0,0,0,0.66,10.31,0,0.22,0.66,0.22,0,0,0,0,2.41,1.75,0,0,0.44,0.22,0.88,0,0,0,0,0,0.22,0,0,0,0,0,0,0,0,0,0,0.44,9.43,14.91,0.44,4.82,10.53,0.44,0,0,5.26,1.32,11.84,5.26,5.92,0.66,1.1,0.22,3.95,55.26,0,10.96,0.88,0,22.81,20.61,0,0,Trump 2024,1,1.98,0.44000000000000006
Mr. Brightside,The Killers,pop/rock,thumbs-up,R,Donald Trump,Donald,Trump,2024 Campaign,campaign rally,https://genius.com/the-killers-mr-brightside-lyrics,2024,Trump 2024,FALSE,297,en,FALSE,mr. brightside,3,103,251,0.704225352112676,1.056338028169014,1.056338028169014,0.704225352112676,1.056338028169014,1.7605633802816902,0.704225352112676,0.704225352112676,1.7605633802816902,1.7605633802816902,282,78,0.2765957446808511,0.18895359335500178,0.17544691224268688,0.16493318887685085,1,284,3.92,8.62,86.89,40.95,56.8,12.32,90.14,75.7,61.97,23.59,17.25,10.92,0,0.7,4.93,0.7,6.34,12.68,5.63,0,9.86,14.08,8.45,7.04,2.11,23.24,5.99,2.11,4.23,2.11,0,2.11,28.87,2.82,5.99,0.7,3.17,1.41,0,0,2.11,0,8.45,4.93,3.52,2.11,0,2.11,0,0.7,0,0,10.56,4.23,0,0.7,1.41,0,0,7.04,0,0,2.82,2.82,0,0,0,0,2.82,0,0.7,0,1.41,0.7,5.99,2.11,1.41,0,0,0,0,0,0.7,1.41,1.41,2.11,0,0,0,0.7,0,0,7.04,11.27,0.7,3.52,7.04,1.41,0,0.7,6.34,4.23,13.73,2.11,1.41,1.41,0,0,0,17.61,0.7,3.17,0.7,0,12.32,0.7,0,0,Trump 2024,1,10.92,0
Sweet Home Alabama,Lynyrd Skynyrd,pop/rock,thumbs-up,R,Donald Trump,Donald,Trump,2024 Campaign,campaign rally,https://genius.com/lynyrd-skynyrd-sweet-home-alabama-lyrics,2024,Trump 2024,FALSE,294,en,FALSE,sweet home alabama,3,103,252,0.4048582995951417,2.0242914979757085,0.8097165991902834,0.4048582995951417,2.0242914979757085,1.214574898785425,1.214574898785425,2.834008097165992,1.6194331983805668,3.6437246963562755,246,81,0.32926829268292684,0.2570100464837307,0.15838956365272155,0.19960013995101714,1,247,19.43,64.01,96.8,96.16,61.75,10.12,85.43,70.04,45.34,14.98,13.77,6.88,0.81,2.83,1.21,2.02,1.21,9.72,4.86,2.02,6.07,8.5,10.53,4.05,0.81,18.22,8.5,3.24,4.45,1.21,0,3.24,17.41,1.21,5.26,2.43,0.4,1.21,1.21,0,0.81,0.4,6.88,6.48,0.4,0.4,0.4,0,0,0,0,0,11.74,2.83,0,0.4,0,0.81,0.81,8.91,0.81,0,0.81,1.62,0.81,0.81,0,0,7.29,1.21,5.67,0,0,0.4,4.05,0,0,0,0,0,0,3.64,0,0.4,0.4,1.21,0,0,0,0,0,0,5.67,23.48,0,4.45,12.55,2.43,2.02,0.4,3.64,2.83,7.29,0.81,7.29,0.4,1.62,5.26,0,26.32,0.4,14.17,0.81,0,6.88,4.05,0,0,Trump 2024,1,6.07,-0.81
